,Query,T1,Score
0,NP_058151.1,NP_596814.1,1.24
1,NP_010941.1,NP_594016.2,1.01
2,NP_014211.1,NP_594347.1,0.843
3,NP_015019.1,NP_593172.1,0.394
4,NP_010836.1,NP_001342981.1,1.041
5,NP_009821.3,NP_594096.1,0.989
6,NP_014534.1,NP_588499.2,0.971
7,NP_013724.1,NP_596425.1,0.337
8,NP_009486.3,NP_593108.1,0.79
9,NP_013830.1,NP_593878.1,0.559
10,NP_010365.3,NP_593392.1,0.52
11,NP_014465.1,NP_593162.1,0.863
12,NP_010174.1,NP_587946.1,0.729
13,NP_011086.3,NP_593491.1,0.863
14,NP_010303.3,NP_001417968.1,0.966
15,NP_010540.3,NP_596727.2,0.907
16,NP_012482.1,NP_592921.1,1.038
17,NP_012854.1,NP_594501.1,0.907
18,NP_013457.1,NP_596305.2,0.689
19,NP_014682.1,NP_596063.1,0.418
20,NP_009563.1,NP_001417934.1NP_595566.1NP_596468.1,0.264
21,NP_013366.1,NP_588343.1NP_594526.1,0.207
22,NP_013290.1,NP_594016.2,0.718
23,NP_009797.1,NP_595973.1,0.731
24,NP_015387.1,NP_588524.1,0.658
25,NP_011379.1,NP_593567.1,0.878
26,NP_014009.1,NP_595973.1,0.515
27,NP_010593.3,NP_596807.1,0.857
28,NP_010882.1,NP_596614.1,0.407
29,NP_010156.2,NP_596374.1,1.019
30,NP_012179.3,NP_595584.1,1.046
31,NP_012146.1,NP_596093.1,0.585
32,NP_009743.3,NP_595790.1,0.835
33,NP_015238.1,NP_593834.1,0.562
34,NP_012228.1,NP_001342821.1,1.096
35,NP_010958.3,NP_588278.2,1.101
36,NP_001335820.1,NP_593401.1,0.989
37,NP_009687.1,NP_595897.1,0.976
38,NP_009700.1,NP_595929.1,0.58
39,NP_878094.1,NP_001417985.1,0.984
40,NP_014163.1,NP_001342965.1,0.746
41,NP_013733.1,NP_593171.1,0.771
42,NP_014863.1,NP_594201.1,0.995
43,NP_010502.3,NP_595321.1,1.009
44,NP_013723.1,NP_595643.2,0.969
45,NP_011513.1,NP_593403.1,0.509
46,NP_014697.1,NP_001342825.1,0.998
47,NP_011588.3,NP_001342832.1,1.064
48,NP_009618.2,NP_593622.1,1.215
49,NP_013667.1,NP_596721.1,0.713
50,NP_010137.2,NP_596855.1,0.595
51,NP_014470.1,NP_596425.1,0.324
52,NP_014687.1,NP_588150.1,0.969
53,NP_010679.3,NP_593274.1,0.788
54,NP_010634.3,NP_596775.2,0.873
55,NP_012049.1,NP_595868.1,0.537
56,NP_013948.1,NP_593598.1,0.597
57,NP_011763.1,NP_001342742.1,1.12
58,NP_009306.1,YP_011104928.1,1.054
59,NP_001335785.1,NP_594023.1,1.188
60,NP_013635.1,NP_593467.1,0.734
61,NP_011633.3,NP_593633.1NP_596187.1,0.24
62,NP_012439.2,NP_595748.2,0.998
63,NP_015124.1,NP_588006.1,1.167
64,NP_013494.3,NP_001343120.1,1.163
65,NP_013566.1,NP_595573.1,1.168
66,NP_001335802.1,NP_594565.1,0.892
67,NP_014726.1,NP_596782.1,1.097
68,NP_015003.1,NP_593491.1,0.943
69,NP_013882.1,NP_596036.1,1.056
70,NP_013903.1,NP_596855.1,0.823
71,NP_012001.1,NP_001018223.3,0.91
72,NP_013713.1,NP_593524.1,0.366
73,NP_015233.1,NP_595047.1NP_595048.1NP_595049.1,0.61
74,NP_009601.2,NP_593748.1,0.845
75,NP_014795.1,NP_587914.1,1.312
76,NP_012250.3,NP_592789.1,1.18
77,NP_014530.1,NP_001342970.1,0.873
78,NP_013776.1,NP_594052.1,0.826
79,NP_058161.1,NP_596814.1,1.243
80,NP_011492.3,NP_001342825.1,1.107
81,NP_116637.1,NP_593494.1,0.769
82,NP_015035.1,NP_001018767.1NP_592783.1,0.629
83,NP_013294.1,NP_595338.1,0.583
84,NP_010139.1,NP_596031.1,0.762
85,NP_013868.1,NP_588150.1,1.098
86,NP_011547.3,NP_596833.1,0.607
87,NP_116662.1,NP_595655.1,1.041
88,NP_012370.1,NP_588539.1,0.855
89,NP_011975.1,NP_593159.1,0.498
90,NP_013909.1,NP_595763.1,0.891
91,NP_009808.1,NP_594946.1,0.221
92,NP_011849.1,NP_593965.1,0.389
93,NP_015242.1,NP_001018222.1,0.813
94,NP_009848.4,NP_588036.2,1.149
95,NP_012747.1,NP_596769.2,0.623
96,NP_012427.1,NP_593513.1,0.999
97,NP_009934.1,NP_587949.1,0.589
98,NP_012970.3,NP_596105.1,0.899
99,NP_011097.3,NP_595074.1,0.748
100,NP_014166.1,NP_594065.1,0.669
101,NP_010609.1,NP_595154.3,0.552
102,NP_010327.3,NP_588325.1,0.878
103,NP_011707.1,NP_595000.1,0.307
104,NP_010265.1,NP_593405.2,0.655
105,NP_013786.1,NP_594479.2,1.547
106,NP_009346.1,NP_001343069.1,0.826
107,NP_014997.1,NP_593748.1,0.982
108,NP_013721.1,NP_592772.1NP_592781.1,0.375
109,NP_012577.1,NP_595419.1,0.661
110,NP_009857.1,NP_001417956.1,0.524
111,NP_013215.1,NP_596110.3,0.875
112,NP_011581.4,NP_587963.1,0.973
113,NP_014756.3,NP_001342894.1,1.023
114,NP_014982.3,NP_595321.1,0.593
115,NP_009388.2,NP_594254.1,0.998
116,NP_014987.1,NP_595405.1,1.001
117,NP_010464.1,NP_593155.3,1.086
118,NP_014962.3,NP_596185.1,0.29
119,NP_690847.1,NP_588290.1,1.232
120,NP_009742.1,NP_593834.1,0.534
121,NP_013926.1,NP_001342772.1NP_595795.1,1.032
122,NP_012831.1,NP_592928.1NP_593790.1,0.801
123,NP_012789.2,NP_594622.1,0.719
124,NP_009778.3,NP_595678.1,1.101
125,NP_009316.1,YP_011104930.1,1.033
126,NP_010116.1,NP_587823.2,1.092
127,NP_013806.1,NP_596093.1,0.529
128,NP_011663.3,NP_001342961.2,0.946
129,NP_015029.1,NP_595065.1,0.649
130,NP_010937.3,NP_595960.1,0.685
131,NP_010808.3,NP_595321.1,0.68
132,NP_013544.1,NP_595919.1,1.255
133,NP_012753.2,NP_588539.1,0.62
134,NP_010127.1,NP_593952.1,0.538
135,NP_013168.1,NP_594277.1,0.459
136,NP_010188.1,NP_596807.1,0.335
137,NP_011471.1,NP_596669.1,0.93
138,NP_013671.1,NP_593192.1,1.151
139,NP_012792.1,NP_593719.1,0.767
140,NP_011008.3,NP_595535.2,1.111
141,NP_012256.1,NP_594453.1,0.961
142,NP_015225.1,NP_595729.1,0.896
143,NP_013113.1,NP_595103.1,1.279
144,NP_009360.1,NP_594821.1,1.054
145,NP_010336.3,NP_593152.1,0.888
146,NP_012293.3,NP_587874.1,0.535
147,NP_015141.1,NP_596627.1,1.054
148,NP_014160.2,NP_593224.1,0.961
149,NP_010654.3,NP_596490.1,1.056
150,NP_013891.1,NP_593001.1,0.486
151,NP_012413.1,NP_596238.1,0.874
152,NP_014367.1,NP_594683.1NP_595567.1NP_596467.1,0.378
153,NP_010987.3,NP_595692.1,0.634
154,NP_014907.3,NP_001342792.1,0.863
155,NP_015207.1,NP_001342987.1,0.754
156,NP_015094.1,NP_595717.1,1.083
157,NP_001027534.1,NP_594574.1,1.007
158,NP_012407.2,NP_595150.2,0.686
159,NP_015271.1,NP_588409.2,0.93
160,NP_011037.3,NP_596620.1,1.562
161,NP_009922.2,NP_588486.1,1.004
162,NP_013047.1,NP_588424.1,0.837
163,NP_011519.3,NP_595082.1,1.027
164,NP_014965.3,NP_592825.1,0.733
165,NP_009716.1,NP_001342943.1,0.833
166,NP_065437.1,NP_588032.1,0.952
167,NP_011635.2,NP_595336.1,0.808
168,NP_014730.2,NP_593894.1,0.7
169,NP_015042.1,NP_001018769.2,0.492
170,NP_009332.1,NP_595573.1,1.213
171,NP_012282.3,NP_593039.1,1.039
172,NP_878107.1,NP_594935.1,1.025
173,NP_012821.2,NP_596081.1,0.704
174,NP_014791.1,NP_596659.1,1.243
175,NP_013674.1,NP_595643.2,0.565
176,NP_009676.1,NP_587757.1,0.186
177,NP_076899.1,NP_587998.1,1.042
178,NP_012424.1,NP_593017.1,0.273
179,NP_011878.1,NP_001342792.1,0.866
180,NP_014823.3,NP_596850.1,0.974
181,NP_444297.1,NP_592926.1,0.806
182,NP_011977.1,NP_595446.1,0.81
183,NP_013108.1,NP_595349.1,1.076
184,NP_014960.1,NP_596802.1,0.741
185,NP_010446.3,NP_593744.1,1.163
186,NP_013025.3,NP_594272.1,0.822
187,NP_010355.1,NP_588002.1,0.881
188,NP_013036.1,NP_595228.1,1.197
189,NP_014342.3,NP_587874.1,0.9
190,NP_013425.1,NP_592979.2,0.838
191,NP_009420.1,NP_596541.1,0.983
192,NP_001257667.1,NP_001343097.1,0.992
193,NP_013456.1,NP_595486.1,0.84
194,NP_010288.1,NP_595962.1,1.221
195,NP_012553.3,NP_001342895.1,0.821
196,NP_014558.1,NP_594642.1,0.943
197,NP_010978.3,NP_001342937.1,0.582
198,NP_076906.1,NP_593113.2,1.115
199,NP_009407.1,NP_596814.1,1.227
200,NP_014659.1,NP_001342850.1NP_595791.1,0.569
201,NP_013600.2,NP_588231.1,0.705
202,NP_001257683.1,NP_596469.1,0.959
203,NP_010731.3,NP_594050.3,0.609
204,NP_013883.1,NP_595486.1,1.029
205,NP_011682.1,NP_596728.1,0.792
206,NP_010546.1,NP_594981.1,1.087
207,NP_010511.3,NP_594421.1,0.291
208,NP_013901.1,NP_596174.1,0.63
209,NP_010006.1,NP_595954.2,0.588
210,NP_014393.1,NP_001342987.1,1.211
211,NP_013062.1,NP_596569.1,0.902
212,NP_012817.1,NP_594065.1,0.751
213,NP_009736.3,NP_587880.1,0.835
214,NP_116666.1,NP_596357.1,1.156
215,NP_009615.1,NP_001342923.1,0.619
216,NP_011616.3,NP_588257.1,0.868
217,NP_013218.1,NP_596612.1,0.471
218,NP_013471.1,NP_001342833.1NP_593234.1,0.29
219,NP_011305.1,NP_001342856.1,0.555
220,NP_012827.1,NP_594615.1,1.104
221,NP_014088.1,NP_593679.1,1.045
222,NP_013825.1,NP_001343096.1,0.894
223,NP_001257680.1,NP_001343151.1,1.266
224,NP_001374312.1,NP_001343017.1,1.147
225,NP_010354.3,NP_594899.1,0.843
226,NP_001335787.1,NP_594480.1,1.283
227,NP_011970.1,NP_001342923.1,0.738
228,NP_013884.1,NP_588477.1,0.986
229,NP_013386.1,NP_596595.1,0.928
230,NP_012600.1,NP_596275.1,0.251
231,NP_011263.2,NP_593325.1,0.603
232,NP_013829.1,NP_594047.1,1.138
233,NP_013355.1,NP_593613.1,1.02
234,NP_010341.3,NP_594900.1,0.729
235,NP_878168.1,NP_001343120.1,1.07
236,NP_116692.1,NP_001019056.3,1.083
237,NP_009892.1,NP_001342860.1,0.533
238,NP_010204.1,NP_588261.1,0.678
239,NP_010671.4,NP_593395.1,0.752
240,NP_013794.1,NP_594587.1,0.644
241,NP_015354.1,NP_593796.1,0.571
242,NP_878136.3,NP_001343141.1,1.592
243,NP_010939.1,NP_594601.1,1.086
244,NP_015467.1,NP_594189.1,0.585
245,NP_012270.1,NP_596414.1,0.744
246,NP_009756.1,NP_588232.1,0.888
247,NP_013332.1,NP_594333.1,0.66
248,NP_013627.1,NP_596242.3,0.983
249,NP_010367.1,NP_001343021.1,0.703
250,NP_015101.1,NP_593805.1,1.263
251,NP_011284.1,NP_588538.1,0.949
252,NP_009550.1,NP_596814.1,1.213
253,NP_010710.4,NP_595862.1,0.846
254,NP_014735.1,NP_593376.1,0.889
255,NP_878083.1,NP_593415.1,0.963
256,NP_013569.1,NP_001342981.1,1.041
257,NP_013611.1,NP_593491.1,0.932
258,NP_013675.1,NP_594855.1,1.0
259,NP_013149.1,NP_594413.1,0.427
260,NP_015181.1,NP_588015.1,1.086
261,NP_012663.2,NP_593178.1,0.685
262,NP_010580.1,NP_595848.1,0.598
263,NP_012497.3,NP_001417973.1,1.15
264,NP_015440.1,NP_001342851.1,0.898
265,NP_010658.3,NP_587887.1,0.731
266,NP_013424.1,NP_593757.1,0.802
267,NP_011869.1,NP_594597.1,0.47
268,NP_012109.1,NP_596833.1,0.589
269,NP_011502.1,NP_595321.1,0.775
270,NP_012387.1,NP_595723.1,0.774
271,NP_014600.1,NP_595753.1,0.787
272,NP_011624.1,NP_001417984.1NP_594897.1NP_594898.2,0.399
273,NP_014483.1,NP_592934.1,0.844
274,NP_011868.1,NP_593803.1,0.836
275,NP_013001.1,NP_001342866.1,1.079
276,NP_013625.1,NP_595106.1,0.232
277,NP_009824.2,NP_594548.1,0.669
278,NP_014257.1,NP_593462.1,0.297
279,NP_116652.1,NP_593952.1,0.516
280,NP_013540.1,NP_587756.1,1.075
281,NP_014540.1,NP_596260.1,1.136
282,NP_010015.3,NP_596726.1,0.583
283,NP_013357.1,NP_594846.1,1.032
284,NP_014457.3,NP_592825.1,0.839
285,NP_011281.1,NP_001342752.1,0.562
286,NP_015286.1,NP_001342772.1,1.087
287,NP_011345.3,NP_594048.2,0.781
288,NP_011838.1,NP_596025.1,1.042
289,NP_012396.1,NP_596168.1,0.364
290,NP_013300.2,NP_595851.1,1.043
291,NP_001381969.1,NP_595997.1,1.172
292,NP_015031.1,NP_594305.1,0.91
293,NP_012705.1,NP_587972.1,0.538
294,NP_014202.1,NP_587722.1,0.88
295,NP_013255.1,NP_594294.2,1.318
296,NP_012830.1,NP_596802.1,1.12
297,NP_011879.1,NP_001018242.1,0.741
298,NP_013920.1,NP_596310.1,0.465
299,NP_009972.1,NP_593113.2,1.285
300,NP_013373.1,NP_593626.1,1.006
301,NP_011371.1,NP_587946.1,0.713
302,NP_015132.1,NP_594855.1,1.111
303,NP_013525.3,NP_596747.1,1.134
304,NP_013428.1,NP_596371.1,0.93
305,NP_012511.1,NP_594338.1,0.805
306,NP_014628.1,NP_587818.1,1.448
307,NP_014154.1,NP_594876.1,0.93
308,NP_010782.4,NP_596192.1,1.072
309,NP_010173.1,NP_588563.1,1.168
310,NP_010484.1,NP_593610.1,0.679
311,NP_011024.1,NP_593108.1,0.804
312,NP_010331.3,NP_596849.1,0.261
313,NP_015370.1,NP_588540.1,0.934
314,NP_015453.1,NP_593837.1,0.553
315,NP_011256.1,NP_592777.1,0.462
316,NP_010209.1,NP_594608.1,0.862
317,NP_012261.1,NP_588507.1,0.85
318,NP_013280.1,NP_588353.1,1.187
319,NP_013486.3,NP_587938.1,0.44
320,NP_013545.3,NP_593847.1,0.455
321,NP_015457.1,NP_593633.1NP_596187.1,0.24
322,NP_014425.3,NP_588258.1,0.952
323,NP_014531.1,NP_593939.1,0.997
324,NP_014131.1,NP_596849.1,0.271
325,NP_015205.1,NP_001342824.1,1.02
326,NP_010738.1,NP_588057.2NP_596506.1,0.28
327,NP_013969.3,NP_593336.1NP_594147.1,0.324
328,NP_014933.3,NP_588472.2,0.433
329,NP_015367.1,NP_587801.1,0.742
330,NP_014028.2,NP_595851.1,1.043
331,NP_009907.2,NP_596023.1,0.668
332,NP_010934.3,NP_588208.1,1.134
333,NP_013511.4,NP_001343071.1,1.1
334,NP_012329.1,NP_595321.1,0.411
335,NP_012767.1,NP_001343002.1,1.013
336,NP_014105.1,NP_587978.1,0.831
337,NP_014036.1,NP_595971.1,0.198
338,NP_001335765.1,NP_593011.1,1.006
339,NP_014274.1,NP_587721.1,0.734
340,NP_013822.1,NP_593754.1,0.456
341,NP_012499.1,NP_587822.1,0.785
342,NP_012959.1,NP_592936.1,1.018
343,NP_015351.1,NP_001342938.1,0.774
344,NP_012686.3,NP_595045.1,0.353
345,NP_009459.1,NP_595817.1,0.936
346,NP_010637.4,NP_593746.1,0.556
347,NP_014574.1,NP_593944.1,1.107
348,NP_011622.1,NP_593889.1,0.573
349,NP_015060.1,NP_595889.1,0.963
350,NP_010030.1,NP_595121.1,0.522
351,NP_011073.1,NP_588509.1,0.647
352,NP_015400.1,NP_001342727.1,0.814
353,NP_015309.1,NP_001417924.1,1.087
354,NP_010308.3,NP_594003.1NP_594672.1,0.375
355,NP_013651.1,NP_594145.1,0.819
356,NP_014244.1,NP_594255.1,1.016
357,NP_013307.1,NP_001417976.1,1.071
358,NP_570898.1,NP_595628.1,0.629
359,NP_013153.1,NP_588232.1,1.119
360,NP_012679.3,NP_595677.1,0.326
361,NP_014613.1,NP_594855.1,1.112
362,NP_010081.2,NP_593991.1,1.041
363,NP_012157.3,NP_595476.1,0.383
364,NP_011870.1,NP_593771.1,0.937
365,NP_011563.1,NP_595111.1,1.037
366,NP_014964.1,NP_596424.1,0.908
367,NP_012750.1,NP_588539.1,0.732
368,NP_011782.1,NP_592908.1NP_592935.1,0.963
369,NP_012706.1,NP_588262.1,0.787
370,NP_009753.3,NP_593113.2,1.544
371,NP_011040.1,NP_001343097.1,0.871
372,NP_015308.1,NP_001417930.1NP_595589.1,0.881
373,NP_014007.1,NP_594846.1,0.963
374,NP_009799.3,NP_001342806.1,0.982
375,NP_001032576.1,NP_001343107.1,1.324
376,NP_012263.1,NP_594626.1,0.64
377,NP_011672.1,NP_596669.1,0.975
378,NP_013078.1,NP_588083.1,1.005
379,NP_076437.1,NP_594224.1,0.853
380,NP_058166.1,NP_596814.1,1.24
381,NP_878063.3,NP_595856.1,1.535
382,NP_011717.4,NP_587885.1,0.568
383,NP_012349.2,NP_592825.1,0.748
384,NP_009597.2,NP_596185.1,0.681
385,NP_010000.1,NP_594596.1,0.667
386,NP_012538.3,NP_593796.1,0.507
387,NP_001335786.1,NP_001018260.1,1.065
388,NP_001335770.1,NP_001343121.1,1.746
389,NP_010416.1,NP_588152.1,0.918
390,NP_014657.1,NP_593298.1,0.794
391,NP_013222.1,NP_001342952.1,0.673
392,NP_010825.3,NP_587747.1,0.35
393,NP_011076.1,NP_594347.1,0.919
394,NP_014951.4,NP_592792.1,0.675
395,NP_012813.1,NP_596711.1,1.138
396,NP_013329.1,NP_593664.2,0.884
397,NP_010357.3,NP_592999.1,1.005
398,NP_013788.1,NP_593693.2,0.857
399,NP_010842.1,NP_596701.1,0.896
400,NP_010773.4,NP_588496.2,0.983
401,NP_012829.1,NP_594994.1,0.709
402,NP_014836.3,NP_595373.2,1.097
403,NP_013692.1,NP_593906.1,0.802
404,NP_013589.1,NP_596771.1,0.895
405,NP_010444.1,NP_596769.2,0.753
406,NP_012432.1,NP_587801.1,0.975
407,NP_010153.1,NP_593883.1NP_596671.1,0.483
408,NP_878106.1,NP_594322.1,1.182
409,NP_011295.1,NP_595788.1,1.049
410,NP_012233.1,NP_596748.1,0.893
411,NP_012593.3,NP_587949.1,0.729
412,NP_009770.3,NP_593354.1,0.954
413,NP_013082.1,NP_588322.2,0.782
414,NP_009619.1,NP_595790.1,0.782
415,NP_013003.1,NP_596782.1,1.046
416,NP_009981.1,NP_593110.1,1.044
417,NP_014401.1,NP_588304.1,0.861
418,NP_013598.1,NP_594065.1,0.881
419,NP_014306.3,NP_593524.1,0.602
420,NP_014127.1,NP_588310.1,0.883
421,NP_011842.1,NP_593013.1,1.037
422,NP_013238.1,NP_594355.1,0.791
423,NP_014240.1,NP_594090.1,1.176
424,NP_010456.1,NP_594206.1,1.387
425,NP_076890.1,NP_001342981.1,1.396
426,NP_014174.1,NP_594198.1,0.665
427,NP_011738.3,NP_588200.1,1.051
428,NP_013913.1,NP_595208.1,1.146
429,NP_001257671.1,NP_596490.1,0.886
430,NP_011103.1,NP_595925.1,0.856
431,NP_013789.1,NP_594336.1,1.06
432,NP_015016.3,NP_594687.1,0.99
433,NP_014492.1,NP_593754.1,1.308
434,NP_010114.1,NP_593574.2,1.086
435,NP_011254.1,NP_001343111.1,0.844
436,NP_001335825.1,NP_596469.1,0.745
437,NP_015393.1,NP_593806.1,1.084
438,NP_010170.1,NP_593047.1,0.764
439,NP_011402.3,NP_595224.1,0.945
440,NP_015488.1,NP_595372.1,0.706
441,NP_015043.1,NP_592815.1,0.502
442,NP_013535.1,NP_596509.1,0.824
443,NP_012700.1,NP_596766.1,0.575
444,NP_878089.1,NP_588292.1,1.144
445,NP_010616.3,NP_596696.1,0.894
446,NP_013158.1,NP_594434.1,1.076
447,NP_009706.3,NP_594619.1,0.861
448,NP_009604.1,NP_594003.1NP_594672.1,0.375
449,NP_014145.1,NP_594124.1,0.994
450,NP_009741.3,NP_001342711.1,0.876
451,NP_013480.1,NP_593052.1,0.953
452,NP_015403.1,NP_594855.1,0.718
453,NP_116669.1,NP_587830.1,0.664
454,NP_010999.3,NP_593993.1,0.972
455,NP_011925.1,NP_593503.1,1.146
456,NP_014146.1,NP_587735.1,0.702
457,NP_001335736.1,NP_595789.1,1.14
458,NP_001335789.1,NP_594480.1,0.828
459,NP_010767.1,NP_596371.1,0.94
460,NP_010757.3,NP_588390.1,1.166
461,NP_116657.1,NP_588422.1,0.415
462,NP_010924.1,NP_001342752.1,0.829
463,NP_013556.3,NP_594497.1,0.679
464,NP_010812.3,NP_595862.1,0.887
465,NP_116648.2,NP_588185.1,0.777
466,NP_012005.1,NP_593270.1,0.417
467,NP_015431.1,NP_595405.1,0.691
468,NP_013712.1,NP_001342803.1,0.8
469,NP_012936.1,NP_595658.1,0.815
470,NP_014580.1,NP_593826.1,0.675
471,NP_009898.1,NP_594703.1,0.806
472,NP_015120.1,NP_593916.1,0.597
473,NP_011611.1,NP_001342923.1,1.108
474,NP_011438.1,NP_001342936.1,0.327
475,NP_076894.3,NP_001343132.1,0.758
476,NP_013979.1,NP_593393.1,1.218
477,NP_013751.1,NP_001342894.1,0.974
478,NP_014983.1,NP_594917.1,0.776
479,NP_011354.3,NP_592960.1,1.023
480,NP_009929.1,NP_596627.1,1.045
481,NP_011531.1,NP_595483.1,1.073
482,NP_015214.1,NP_595133.1,0.372
483,NP_012479.1,NP_595862.1,1.179
484,NP_014212.1,NP_587835.1,0.619
485,NP_010505.3,NP_594855.1,0.924
486,NP_001335823.1,NP_001343129.1,0.961
487,NP_116703.5,NP_001018227.1,0.617
488,NP_001335793.1,NP_596490.1,0.925
489,NP_012701.2,NP_596109.1,0.658
490,NP_010952.3,NP_588544.1,1.083
491,NP_010471.1,NP_594949.1,0.449
492,NP_014803.1,NP_596516.1,0.372
493,NP_014994.3,NP_593286.1,0.822
494,NP_015195.1,NP_001417973.1,1.189
495,NP_009605.1,NP_001342747.1,1.248
496,NP_011628.4,NP_595224.1,1.009
497,NP_010036.1,NP_596425.1,0.3
498,NP_015392.1,NP_588112.1,0.983
499,NP_009342.2,NP_588125.2,0.954
500,NP_015167.1,NP_594065.1,0.997
501,NP_010161.1,NP_593108.1,0.98
502,NP_013445.1,NP_594524.1,0.951
503,NP_013096.1,NP_593089.2,0.603
504,NP_010532.3,NP_594073.1,1.114
505,NP_013199.1,NP_592804.2,0.52
506,NP_010796.1,NP_596849.1,0.355
507,NP_014895.2,NP_592896.1,0.933
508,NP_012278.3,NP_595867.1NP_595875.1,1.236
509,NP_012023.1,NP_593728.2,0.778
510,NP_010065.2,NP_595486.1,1.155
511,NP_009677.1,NP_594970.1,0.898
512,NP_014474.3,NP_595228.1,1.197
513,NP_013487.1,NP_594907.2,0.366
514,NP_001335818.1,NP_001343017.1,0.983
515,NP_010038.1,NP_001343040.1,0.492
516,NP_009394.1,NP_594865.1,1.004
517,NP_012556.2,NP_001343135.1,1.036
518,NP_013004.3,NP_001417948.1,0.773
519,NP_009800.1,NP_596009.1,0.689
520,NP_065436.1,NP_596271.1,1.016
521,NP_012218.1,NP_594559.1,0.67
522,NP_012493.1,NP_588075.1,0.855
523,NP_012972.3,NP_593257.1,1.129
524,NP_012184.1,NP_001417984.1NP_594897.1NP_594898.2,0.434
525,NP_010763.2,NP_001342825.1,0.863
526,NP_013784.1,NP_596023.1,0.816
527,NP_011264.2,NP_595218.1,1.154
528,NP_001257688.1,NP_596019.1,1.019
529,NP_013757.1,NP_596609.1,1.503
530,NP_014513.1,NP_588234.1,0.712
531,NP_010447.3,NP_596347.1,1.124
532,NP_013957.1,NP_594018.1,0.839
533,NP_009567.1,NP_001417984.1,0.898
534,NP_015008.3,NP_595321.1,0.728
535,NP_011087.3,NP_001417984.1,0.91
536,NP_001032575.1,NP_594028.1,0.747
537,NP_014150.1,NP_001342982.1,0.712
538,NP_012021.1,NP_592865.1,0.937
539,NP_001032577.1,NP_001343096.1,1.013
540,NP_010122.1,NP_596023.1,0.759
541,NP_012359.1,NP_594257.1,0.965
542,NP_015272.1,NP_595123.2,0.65
543,NP_009307.2,YP_011104930.1,1.092
544,NP_010897.1,NP_595849.1,1.178
545,NP_012965.3,NP_595051.2,0.254
546,NP_012668.3,NP_594608.1,0.617
547,NP_014429.3,NP_596646.1,0.461
548,NP_010827.3,NP_001417926.1,0.849
549,NP_013479.3,NP_593754.1,1.07
550,NP_010264.3,NP_001342894.1,1.081
551,NP_116647.1,NP_593260.1,0.38
552,NP_010486.3,NP_596371.1,0.878
553,NP_015134.1,NP_587731.1,1.09
554,NP_012624.1,NP_595389.2,0.725
555,NP_015257.1,NP_596083.1,1.037
556,NP_010785.1,NP_593320.1,0.355
557,NP_013711.1,NP_594428.1,0.78
558,NP_014958.3,NP_001018789.2,1.142
559,NP_011494.1,NP_595862.1,0.827
560,NP_010437.3,NP_587759.1,1.004
561,NP_009886.1,NP_001342987.1,1.137
562,NP_012145.1,NP_587752.1,0.559
563,NP_009974.1,NP_594848.1,0.648
564,NP_015184.1,NP_596081.1,0.651
565,NP_012374.1,NP_593393.1,1.158
566,NP_012003.1,NP_593916.1,0.75
567,NP_011010.1,NP_594034.2,0.631
568,NP_014167.1,NP_592984.1,1.039
569,NP_011088.1,NP_587960.1,0.815
570,NP_011315.3,NP_001342850.1,0.491
571,NP_014928.1,NP_001342924.1,0.853
572,NP_011805.3,NP_594549.1,0.578
573,NP_009587.1,NP_596510.1,0.373
574,NP_009926.1,NP_595789.1,0.993
575,NP_012990.1,NP_593001.1,0.723
576,NP_061494.3,NP_001343100.1,1.061
577,NP_010241.1,NP_588094.1,1.098
578,NP_010739.3,NP_596782.1,0.893
579,NP_012969.1,NP_592816.1,0.869
580,NP_010031.1,NP_593001.1,0.697
581,NP_010206.1,NP_587839.1,0.498
582,NP_009708.1,NP_595321.1,0.779
583,NP_014623.1,NP_001342923.1,0.858
584,NP_011654.1,NP_595329.1,0.312
585,NP_012581.3,NP_596130.3,0.321
586,NP_011730.1,NP_594413.1,0.436
587,NP_013024.1,NP_593108.1,0.893
588,NP_010891.1,NP_595655.1,0.964
589,NP_014810.1,NP_588343.1NP_594526.1,0.217
590,NP_014675.1,NP_595229.1,0.928
591,NP_001335737.1,NP_594890.1,0.737
592,NP_015160.1,NP_593610.1,0.779
593,NP_014662.1,NP_001342825.1,0.954
594,NP_014445.1,NP_588539.1,0.634
595,NP_013663.1,NP_593580.1,0.637
596,NP_014880.3,NP_595366.1,0.563
597,NP_011973.1,NP_587995.1,0.995
598,NP_058156.1,NP_596814.1,1.24
599,NP_009559.1,NP_596161.1,0.873
600,NP_878110.1,NP_001343113.1,1.267
601,NP_011260.1,NP_593874.1,0.966
602,NP_009735.3,NP_593777.1,0.835
603,NP_058184.3,NP_596814.1,1.248
604,NP_010235.1,NP_588539.1,1.067
605,NP_010986.1,NP_593032.1,0.9
606,NP_011470.4,NP_588049.1,0.72
607,NP_010802.1,NP_001018181.1,0.966
608,NP_009629.6,NP_593038.2,0.451
609,NP_012382.2,NP_593224.1,0.77
610,NP_015204.1,NP_587733.1,0.945
611,NP_010982.1,NP_595061.1,0.43
612,NP_014408.1,NP_595890.2,0.523
613,NP_012465.3,NP_595153.2,1.045
614,NP_012815.1,NP_595440.1,0.78
615,NP_116672.1,NP_588232.1,0.947
616,NP_014912.1,NP_595227.1,0.778
617,NP_011036.1,NP_596132.1,0.93
618,NP_011700.1,NP_594298.1,0.522
619,NP_010539.1,NP_593944.1,1.097
620,NP_012386.1,NP_593679.1,0.984
621,NP_011051.3,NP_595793.1,0.263
622,NP_012594.1,NP_001342974.1,1.145
623,NP_010911.3,NP_594220.1,0.784
624,NP_014035.1,NP_594938.1,0.774
625,NP_011251.1,NP_593571.1,1.202
626,NP_013209.1,NP_596190.1,0.943
627,NP_013812.1,NP_593679.1,1.132
628,NP_013630.1,NP_593664.2,0.742
629,NP_010521.1,NP_596721.1,0.769
630,NP_015253.1,NP_588530.1,0.941
631,NP_015287.1,NP_593944.1,0.986
632,NP_011599.1,NP_594150.1NP_595899.1,0.491
633,NP_012848.1,NP_588276.2,0.818
634,NP_009854.2,NP_593890.1,0.837
635,NP_001418067.1,NP_595347.1,0.96
636,NP_014456.1,NP_596588.1,0.659
637,NP_014520.1,NP_596593.1,0.436
638,NP_014553.1,NP_593653.1,0.918
639,NP_011102.3,NP_594790.1,0.742
640,NP_010954.1,NP_001018770.1,0.898
641,NP_012390.1,NP_596030.1,0.789
642,NP_013315.1,NP_595065.1,0.602
643,NP_013619.1,NP_595973.1,0.799
644,NP_015193.1,NP_595287.1,0.767
645,NP_010089.1,NP_596822.1,0.654
646,NP_014334.3,NP_001342836.1,0.517
647,NP_015005.1,NP_001342943.1,0.853
648,NP_013985.1,NP_588152.1,0.926
649,NP_012362.1,NP_588128.1,1.08
650,NP_010946.3,NP_596424.1,1.087
651,NP_015298.1,NP_593750.1,0.944
652,NP_009809.1,NP_588049.1,0.702
653,NP_012616.1,NP_595224.1,1.12
654,NP_014848.1,NP_592980.1,0.652
655,NP_012264.3,NP_595311.1,0.47
656,NP_010837.1,NP_595741.1,0.919
657,NP_010422.1,NP_588276.2,0.989
658,NP_011449.1,NP_594837.1,1.134
659,NP_012904.3,NP_595647.1,0.728
660,NP_014776.1,NP_001342896.1NP_587863.1,0.141
661,NP_013274.1,NP_596120.1,1.052
662,NP_014741.1,NP_593213.1,0.462
663,NP_012110.1,NP_594221.1,0.873
664,NP_878086.1,NP_588217.1,1.361
665,NP_013334.1,NP_595712.1,0.893
666,NP_012649.3,NP_596517.2,1.6
667,NP_014277.1,NP_596584.1,1.175
668,NP_001073292.1,NP_596863.1,0.963
669,NP_014110.1,NP_596374.1,0.926
670,NP_014630.1,NP_596733.1,0.966
671,NP_011690.3,NP_594096.1,0.763
672,NP_009573.1,NP_593739.2,0.534
673,NP_014743.1,NP_595818.1,0.51
674,NP_010134.1,NP_593278.1NP_594776.1,0.322
675,NP_009643.2,NP_595864.4,1.029
676,NP_014095.2,NP_596620.1,0.984
677,NP_014454.3,NP_587751.1,0.61
678,NP_010583.1,NP_001018791.2,0.431
679,NP_009549.1,NP_001417984.1,0.905
680,NP_014881.2,NP_594160.2,1.022
681,NP_014719.1,NP_594944.1,0.859
682,NP_009774.4,NP_595212.1,1.134
683,NP_014129.1,NP_595000.1,0.276
684,NP_011618.3,NP_593364.1,0.958
685,NP_015036.3,NP_592815.1,0.495
686,NP_013763.1,NP_595982.1,1.068
687,NP_009411.2,NP_001342716.1,0.855
688,NP_013079.1,NP_594632.1,0.89
689,NP_010402.3,NP_596803.1,1.035
690,NP_010314.4,NP_001343185.1,0.917
691,NP_011003.1,NP_593714.1,0.854
692,NP_009361.1,NP_594026.1,0.642
693,NP_011322.1,NP_594565.1,0.862
694,NP_010374.1,NP_588310.1,0.906
695,NP_013188.1,NP_594183.2,0.528
696,NP_015067.1,NP_595795.1,1.046
697,NP_013364.1,NP_593386.1,0.915
698,NP_116624.1,NP_595405.1,0.782
699,NP_012020.1,NP_596371.1,0.98
700,NP_014219.1,NP_596023.1,1.009
701,NP_012119.1,NP_588310.1,0.723
702,NP_014232.1,NP_001342974.1,1.045
703,NP_116700.1,NP_001342871.1,1.087
704,NP_013818.1,NP_596572.1,1.056
705,NP_012628.3,NP_595105.1,0.331
706,NP_010190.1,NP_596807.1,0.463
707,NP_010632.1,NP_596425.1,0.362
708,NP_012515.4,NP_595947.2,0.688
709,NP_012090.1,NP_596121.3,0.913
710,NP_010513.1,NP_596236.1,0.789
711,NP_012563.1,NP_596814.1,1.226
712,NP_012521.3,NP_588140.1,0.876
713,NP_012629.1,NP_594211.1,0.394
714,NP_014291.1,NP_592816.1,0.623
715,NP_012352.2,NP_595579.2,0.662
716,NP_013845.1,NP_596810.1,1.3
717,NP_012105.1,NP_594539.1,1.111
718,NP_015421.1,NP_001343113.1,0.936
719,NP_013971.1,NP_596446.1,0.478
720,NP_014683.1,NP_588246.1,0.634
721,NP_010589.3,NP_595321.1,0.886
722,NP_012794.1,NP_592816.1,0.716
723,NP_013834.1,NP_596835.1,0.78
724,NP_011828.1,NP_594585.1,0.401
725,NP_013585.1,NP_595595.1,0.83
726,NP_012248.1,NP_596760.1,0.935
727,NP_001333725.1,NP_001018260.1,0.952
728,NP_012124.1,NP_595949.1,0.232
729,NP_013419.1,NP_593395.1,0.842
730,NP_014538.2,NP_593320.1,0.406
731,NP_009856.3,NP_593509.1,0.493
732,NP_010754.1,NP_001342923.1,0.65
733,NP_012784.1,NP_594816.2,1.01
734,NP_014651.1,NP_588428.1,1.031
735,NP_009663.1,NP_595366.1,1.063
736,NP_013560.3,NP_594539.1,0.761
737,NP_009948.1,NP_595273.3,0.731
738,NP_013900.1,NP_001343139.1,1.622
739,NP_015368.1,NP_595105.1,0.331
740,NP_013015.1,NP_594184.2,0.841
741,NP_116641.1,NP_596356.2,0.973
742,NP_015115.1,NP_595739.1,0.749
743,NP_010909.1,NP_592911.1,1.218
744,NP_010955.3,NP_594933.1,0.813
745,NP_011662.3,NP_595205.1,1.266
746,NP_011584.2,NP_594853.1,0.429
747,NP_013551.1,NP_593865.1,0.864
748,NP_015304.1,NP_595783.2,1.085
749,NP_010394.3,NP_001342982.1,0.712
750,NP_014529.1,NP_596292.1,0.576
751,NP_011677.3,NP_593182.1,1.005
752,NP_012344.1,NP_594187.1NP_595737.1,0.345
753,NP_013358.1,NP_596711.1,0.748
754,NP_010214.2,NP_596815.1,1.119
755,NP_009827.3,NP_588118.1,1.084
756,NP_015236.1,NP_594846.1,1.02
757,NP_010713.1,NP_001417948.1,0.758
758,NP_012736.1,NP_588539.1,1.047
759,NP_009952.2,NP_001342860.1,0.584
760,NP_001335781.1,NP_594126.1,1.14
761,NP_001335743.1,NP_595754.1,1.08
762,NP_009727.3,NP_588367.1,0.811
763,NP_011511.3,NP_587980.1,0.787
764,NP_014552.1,NP_595321.1,0.604
765,NP_011598.3,NP_588200.1,0.85
766,NP_013029.3,NP_594585.1,0.375
767,NP_013157.1,NP_001018791.2,0.345
768,NP_011043.1,NP_588418.1,0.901
769,NP_011795.1,NP_594938.1,0.832
770,NP_011558.1,NP_593771.1,1.28
771,NP_010677.1,NP_595237.1,0.774
772,NP_010905.1,NP_595063.1,0.723
773,NP_012246.1,NP_001342801.1NP_595244.1NP_595709.1,0.258
774,NP_010125.1,NP_593438.1,0.753
775,NP_013413.1,NP_594936.1,0.802
776,NP_010290.3,NP_593396.1,0.894
777,NP_001418071.1,NP_594860.1,1.257
778,NP_014882.4,NP_596371.1,1.038
779,NP_012312.1,NP_595573.1,1.193
780,NP_010604.4,NP_594601.1,0.847
781,NP_011986.1,NP_596222.1,0.989
782,NP_009318.1,YP_011104930.1,1.171
783,NP_014477.1,NP_001343040.1,0.875
784,NP_010093.1,NP_596646.1,0.468
785,NP_013253.1,NP_595014.1,0.829
786,NP_010977.2,NP_594438.1,0.61
787,NP_012042.1,NP_001342778.1,0.783
788,NP_009429.1,NP_593401.1,0.766
789,NP_010398.3,NP_594347.1,0.999
790,NP_010611.3,NP_594798.2,0.563
791,NP_012683.4,NP_593374.1,0.773
792,NP_010034.1,NP_001342731.1,0.512
793,NP_012398.1,NP_592825.1,0.963
794,NP_014406.1,NP_595103.1,0.939
795,NP_014412.1,NP_595986.1,0.505
796,NP_011288.1,NP_592907.2,1.286
797,NP_010948.1,NP_001342856.1,0.573
798,NP_009986.1,NP_594381.1,1.004
799,NP_010651.3,NP_594968.1,1.047
800,NP_011252.1,NP_587681.1,1.156
801,NP_012601.1,NP_588297.1,0.665
802,NP_014319.1,NP_588276.2,0.832
803,NP_011766.3,NP_593715.2,1.04
804,NP_012004.1,NP_594591.1,0.88
805,NP_012052.1,NP_001342903.1,0.626
806,NP_012718.1,NP_595684.1,0.957
807,NP_011794.3,NP_593796.1,0.913
808,NP_011765.1,NP_592911.1,0.981
809,NP_009937.2,NP_001342913.1,0.741
810,NP_010889.1,NP_001342716.1,0.655
811,NP_011997.1,NP_596704.1,0.325
812,NP_013235.1,NP_594083.1,0.232
813,NP_878059.1,NP_001417960.1,1.603
814,NP_015396.1,NP_001342999.1,1.0
815,NP_116656.1,NP_588125.2,0.763
816,NP_009650.1,NP_595181.1,0.383
817,NP_010281.1,NP_596059.1,0.544
818,NP_012062.1,NP_001342733.1,1.054
819,NP_012583.1,NP_594232.1,0.649
820,NP_012886.3,NP_587726.1,1.014
821,NP_010493.1,NP_001342894.1,1.04
822,NP_878093.1,NP_593401.1,0.779
823,NP_011954.1,NP_594243.1,0.74
824,NP_013912.1,NP_596150.1,0.878
825,NP_012418.1,NP_594634.1,0.855
826,NP_011356.1,NP_001342945.1,0.947
827,NP_013232.1,NP_594347.1,0.896
828,NP_014238.3,NP_592848.1,0.754
829,NP_015352.1,NP_592934.1,0.992
830,NP_010186.1,NP_593278.1NP_594776.1,0.447
831,NP_013856.1,NP_593230.1,1.021
832,NP_012154.1,NP_594980.1,0.884
833,NP_116613.1,NP_592790.1,0.55
834,NP_011972.1,NP_596843.1,0.506
835,NP_012354.1,NP_593666.1,0.917
836,NP_011579.1,NP_595045.1,0.436
837,NP_011626.1,NP_596701.1,0.887
838,NP_015405.1,NP_587757.1,0.186
839,NP_012666.2,NP_593739.2,0.42
840,NP_014135.1,NP_593003.1,0.678
841,NP_013450.1,NP_595573.1,1.063
842,NP_009510.1,NP_001342866.1,1.282
843,NP_014436.1,NP_595929.1,0.779
844,NP_013595.1,NP_587848.1NP_596025.1,1.118
845,NP_011080.1,NP_595168.1,1.068
846,NP_014872.1,NP_596382.1,0.806
847,NP_009625.1,NP_596769.2,0.294
848,NP_013214.1,NP_595289.1,0.453
849,NP_011517.1,NP_594195.1,0.389
850,NP_009528.1,NP_594428.1,0.953
851,NP_010421.1,NP_588049.1,0.963
852,NP_011601.3,NP_594083.1,0.229
853,NP_014758.3,NP_592831.2,1.037
854,NP_014855.3,NP_595227.1,0.739
855,NP_009501.1,NP_592978.1,0.836
856,NP_014533.1,NP_593944.1,0.897
857,NP_010916.1,NP_592825.1,0.909
858,NP_009537.1,NP_596349.1,0.447
859,NP_011652.1,NP_595286.1,0.631
860,NP_010230.1,NP_001417922.1NP_595285.1,1.431
861,NP_011571.4,NP_593723.1,0.834
862,NP_012408.1,NP_596764.1,0.907
863,NP_010774.4,NP_594587.1,0.814
864,NP_012388.1,NP_588200.1,0.982
865,NP_014941.1,NP_595655.1,1.069
866,NP_009584.1,NP_593754.1,0.633
867,NP_009867.1,NP_595867.1NP_595875.1,1.234
868,NP_011856.1,NP_592974.1,0.763
869,NP_009613.1,NP_593354.1,1.108
870,NP_009548.1,NP_595321.1,0.839
871,NP_012761.1,NP_595564.1,0.812
872,NP_015185.1,NP_593754.1,0.661
873,NP_011302.1,NP_594761.1,0.772
874,NP_009837.1,NP_595521.1,0.642
875,NP_013383.1,NP_594059.1,0.999
876,NP_012321.1,NP_596425.1,0.383
877,NP_011797.3,NP_001342744.1,0.499
878,NP_013958.1,NP_593392.1,0.383
879,NP_009376.2,NP_592849.1,0.405
880,NP_013863.2,NP_593452.1NP_595738.1,0.329
881,NP_015479.2,NP_001018223.3,0.754
882,NP_009333.1,NP_595045.1,0.444
883,NP_012944.3,NP_588075.1,0.946
884,NP_009726.3,NP_001343110.1,1.096
885,NP_010592.1,NP_588152.1,0.715
886,NP_014993.1,NP_595000.1,0.382
887,NP_011912.1,NP_588230.1,0.699
888,NP_009853.3,NP_595014.1,0.273
889,NP_013283.1,NP_593032.1,0.865
890,NP_010852.4,NP_001342971.1,0.802
891,NP_001257684.1,NP_588217.1,0.894
892,NP_010673.1,NP_001342896.1NP_587863.1,0.141
893,NP_013931.1,NP_594936.1,0.981
894,NP_012161.1,NP_593047.1,0.933
895,NP_010947.2,NP_593760.1,1.178
896,NP_058149.1,NP_596814.1,1.232
897,NP_015033.1,NP_001417926.1,0.581
898,NP_116645.1,NP_595649.1,1.928
899,NP_011457.1,NP_596617.1,0.583
900,NP_012787.1,NP_596435.1,0.433
901,NP_009813.1,NP_594073.1,0.831
902,NP_010320.3,NP_594946.1,0.357
903,NP_009740.3,NP_592833.1,0.382
904,NP_010866.1,NP_594299.2,0.65
905,NP_014332.1,NP_587694.1,0.344
906,NP_015004.3,NP_595862.1,1.154
907,NP_015096.1,NP_593872.1,1.195
908,NP_001335807.1,NP_594480.1,0.831
909,NP_013020.3,NP_593923.1NP_594398.1,0.104
910,NP_011817.1,NP_595573.1,1.198
911,NP_009879.2,NP_001342866.1,0.946
912,NP_010435.1,NP_587722.1,1.055
913,NP_011353.1,NP_595103.1,1.145
914,NP_010666.2,NP_596422.1,0.89
915,NP_012518.2,NP_594936.1,0.844
916,NP_013141.1,NP_588009.1,1.104
917,NP_009402.1,NP_593403.1,0.434
918,NP_009308.2,YP_011104930.1,0.775
919,NP_012987.3,NP_595123.2,0.339
920,NP_012893.3,NP_596609.1,1.426
921,NP_014097.1,NP_596593.1,0.423
922,NP_011835.1,NP_595526.2,1.116
923,NP_012726.2,NP_593316.1,1.022
924,NP_116677.3,NP_588220.1,0.555
925,NP_011886.1,NP_001343017.1,1.17
926,NP_012147.3,NP_592911.1NP_593712.1,1.182
927,NP_015390.1,NP_596183.1,1.149
928,NP_011881.1,NP_595152.1,0.622
929,NP_011286.1,NP_596594.1,0.959
930,NP_009438.1,NP_001343026.1,1.184
931,NP_013193.1,NP_595014.1,0.337
932,NP_015270.1,NP_594735.1,1.088
933,NP_013836.1,NP_595828.2,0.767
934,NP_013649.1,NP_594347.1,1.173
935,NP_878121.1,NP_592797.1,1.7
936,NP_012047.1,NP_596183.1,0.967
937,NP_009656.2,NP_596748.1,0.809
938,NP_014378.1,NP_001342923.1,0.583
939,NP_012275.3,NP_594347.1,1.024
940,NP_011900.1,NP_594043.2,1.158
941,NP_014825.3,NP_594767.1NP_595969.1,0.275
942,NP_014916.1,NP_595329.1,0.527
943,NP_009693.3,NP_595431.1,1.08
944,NP_012287.3,NP_595172.2,1.043
945,NP_001335742.1,NP_592904.1,0.684
946,NP_014245.1,NP_593916.1,0.734
947,NP_013081.1,NP_595150.2,0.86
948,NP_001257686.1,NP_596490.1,0.873
949,NP_011927.1,NP_595294.1,1.176
950,NP_009416.1,NP_596429.1,0.979
951,NP_013429.1,NP_593205.1,0.735
952,NP_009947.1,NP_595320.1,0.557
953,NP_014349.1,NP_595476.1,0.466
954,NP_014165.1,NP_587829.1,1.09
955,NP_015386.1,NP_593700.1,0.674
956,NP_009839.4,NP_587711.1,1.008
957,NP_009698.3,NP_595304.1,0.824
958,NP_011786.1,NP_595602.1,0.486
959,NP_014085.1,NP_587873.1,0.992
960,NP_012160.2,NP_587851.1,0.863
961,NP_878179.1,NP_595942.1,1.371
962,NP_009572.1,NP_595223.1,1.27
963,NP_015044.1,NP_001018767.1NP_592783.1,0.631
964,NP_009384.1,NP_587689.2,1.07
965,NP_013249.1,NP_593392.1,0.5
966,NP_012260.1,NP_594067.2,0.541
967,NP_012073.1,NP_595677.1,0.326
968,NP_010517.1,NP_001343168.1,1.015
969,NP_013719.1,NP_592772.1NP_592781.1,0.404
970,NP_010009.1,NP_593658.1,0.935
971,NP_012488.3,NP_596600.1,1.069
972,NP_011394.1,NP_595573.1,0.857
973,NP_015520.1,NP_588512.2,0.452
974,NP_012835.1,NP_001342825.1,0.894
975,NP_011657.1,NP_594643.1,1.02
976,NP_014101.1,NP_596626.1,0.65
977,NP_011573.3,NP_594040.1,0.506
978,NP_010366.1,NP_594846.1,0.986
979,NP_014774.1,NP_592842.1,0.676
980,NP_009424.1,NP_588031.3,0.967
981,NP_010636.1,NP_588035.1,0.579
982,NP_014505.1,NP_595405.1,0.928
983,NP_012054.1,NP_595087.2,0.991
984,NP_015477.1,NP_596347.1,1.02
985,NP_012559.1,NP_596475.1,0.92
986,NP_010480.1,NP_595596.1,0.547
987,NP_012348.1,NP_595150.2,0.767
988,NP_014602.1,NP_587961.1NP_594357.1,0.452
989,NP_010150.1,NP_592949.1,0.44
990,NP_014351.3,NP_593047.1,0.816
991,NP_012981.3,NP_596620.1,0.822
992,NP_012100.1,NP_595045.1,0.424
993,NP_014664.1,NP_593764.1,1.105
994,NP_010845.1,NP_596425.1,0.337
995,NP_014967.3,NP_596223.1,0.794
996,NP_009502.1,NP_596771.1,1.061
997,NP_015013.1,NP_593455.1,0.69
998,NP_015180.1,NP_595231.3,0.562
999,NP_010793.2,NP_596455.1,1.011
1000,NP_013876.1,NP_001342860.1,0.726
1001,NP_878124.1,NP_595997.1,1.066
1002,NP_010454.3,NP_594555.1,0.334
1003,NP_009634.2,NP_001342953.1,0.371
1004,NP_012661.3,NP_001420357.1,0.702
1005,NP_014654.1,NP_593995.1,0.48
1006,NP_012919.3,NP_592925.1,0.568
1007,NP_013412.1,NP_594608.1,0.582
1008,NP_009554.1,NP_595026.1NP_595463.1,1.053
1009,NP_015318.1,NP_001342965.1,0.697
1010,NP_013499.1,NP_594028.1,0.685
1011,NP_013278.1,NP_595862.1,1.007
1012,NP_012394.1,NP_592974.1,0.753
1013,NP_009689.3,NP_593284.1,1.154
1014,NP_878067.1,NP_001417932.1,1.179
1015,NP_001335792.1,NP_596469.1,0.841
1016,NP_012656.1,NP_594504.1,1.094
1017,NP_010112.1,NP_595573.1,1.024
1018,NP_012483.3,NP_001342712.1,0.325
1019,NP_076878.1,NP_587936.1,1.106
1020,NP_010776.1,NP_587735.1,0.797
1021,NP_001257675.1,NP_588174.1,1.056
1022,NP_009492.1,NP_588282.1,0.644
1023,NP_009463.1,NP_587934.1,0.923
1024,NP_116695.3,NP_594257.1,0.508
1025,NP_012644.1,NP_594885.1,0.84
1026,NP_013237.1,NP_596453.1,1.014
1027,NP_009960.2,NP_594187.1NP_595737.1,0.333
1028,NP_010662.3,NP_596390.2,1.043
1029,NP_001335772.1,NP_001343121.1,1.029
1030,NP_009757.1,NP_596254.1,0.601
1031,NP_015030.3,NP_588221.1,0.926
1032,NP_010297.1,NP_593666.1,0.944
1033,NP_001335780.1,NP_593133.1,0.842
1034,NP_011610.3,NP_595839.1,0.46
1035,NP_013155.2,NP_592844.1,0.74
1036,NP_013780.1,NP_595973.1,0.6
1037,NP_013468.3,NP_594763.1,0.916
1038,NP_012251.3,NP_592825.1,0.854
1039,NP_014247.1,NP_596023.1,0.777
1040,NP_010430.1,NP_593073.1,0.859
1041,NP_013854.1,NP_595655.1,1.302
1042,NP_009327.1,YP_011104930.1,1.007
1043,NP_014019.1,NP_593874.1,0.859
1044,NP_014056.3,NP_001018769.2,0.484
1045,NP_010087.1,NP_588087.1,0.875
1046,NP_009571.1,NP_595123.2,0.777
1047,NP_013430.1,NP_596450.1,1.218
1048,NP_014576.1,NP_594432.1,0.908
1049,NP_757337.1,NP_594480.1,0.947
1050,NP_009748.3,NP_592945.1,0.474
1051,NP_011518.1,NP_588367.1,0.923
1052,NP_009600.2,NP_596714.1,1.129
1053,NP_012404.1,NP_595860.2,0.884
1054,NP_011515.4,NP_594160.2,0.799
1055,NP_013046.2,NP_593001.1,0.731
1056,NP_010147.1,NP_596646.1,0.454
1057,NP_013759.1,NP_001417984.1,0.91
1058,NP_009421.3,NP_593405.2,0.573
1059,NP_014182.1,NP_588506.1,0.651
1060,NP_013779.1,NP_594007.2,0.767
1061,NP_010860.1,NP_587897.1NP_587923.1,0.437
1062,NP_013730.1,NP_593289.1,1.133
1063,NP_011529.1,NP_593313.1,0.713
1064,NP_009509.1,NP_001343013.1,0.776
1065,NP_010488.1,NP_001342770.1,0.687
1066,NP_015355.1,NP_596223.1,0.976
1067,NP_009466.1,NP_588139.1NP_594075.1,0.304
1068,NP_010224.1,NP_595296.1,1.119
1069,NP_013512.1,NP_594428.1,0.866
1070,NP_015338.1,NP_596183.1,1.102
1071,NP_014650.1,NP_588138.1,1.037
1072,NP_012689.1,NP_001343040.1,0.536
1073,NP_001297596.1,NP_594890.1,1.074
1074,NP_009843.3,NP_595153.2,1.001
1075,NP_012940.3,NP_593689.1,0.879
1076,NP_012685.1,NP_001342978.1,1.114
1077,NP_010751.4,NP_594452.1,0.949
1078,NP_009678.3,NP_001343115.1,1.035
1079,NP_010971.1,NP_593806.1,0.749
1080,NP_013859.1,NP_595564.1,0.45
1081,NP_013380.1,NP_594846.1,1.042
1082,NP_013361.1,NP_594016.2,0.809
1083,NP_011950.1,NP_001342923.1,0.745
1084,NP_010313.3,NP_596382.1,1.004
1085,NP_012430.1,NP_592978.1,0.823
1086,NP_015171.1,NP_596758.1,0.977
1087,NP_010071.1,NP_001342936.1,0.297
1088,NP_011644.3,NP_593284.1,0.532
1089,NP_010699.1,NP_594090.1,0.903
1090,NP_009317.1,YP_011104930.1,1.029
1091,NP_013194.2,NP_593289.1,1.143
1092,NP_012343.1,NP_595642.1,0.664
1093,NP_001335757.1,NP_594782.1,0.916
1094,NP_014301.1,NP_593916.1,0.978
1095,NP_014045.1,NP_595374.1,0.409
1096,NP_013322.1,NP_594051.1,0.891
1097,NP_013729.1,NP_596047.1,1.08
1098,NP_010709.1,NP_594497.1,0.772
1099,NP_012372.1,NP_587690.1,0.59
1100,NP_014902.3,NP_001342870.1,0.446
1101,NP_116615.1,NP_594580.1,0.422
1102,NP_058135.1,NP_593418.1,1.201
1103,NP_012289.3,NP_593664.2,0.8
1104,NP_014447.3,NP_592868.1,0.693
1105,NP_001257685.1,NP_001343017.1,1.208
1106,NP_014275.3,NP_596270.1,1.062
1107,NP_015194.1,NP_594180.1,0.253
1108,NP_011544.1,NP_001343110.1,1.227
1109,NP_011078.3,NP_593108.1,0.961
1110,NP_013766.1,NP_596814.1,1.24
1111,NP_012118.1,NP_593923.1NP_594398.1,0.104
1112,NP_011623.3,NP_593889.1,0.471
1113,NP_010537.3,NP_001342923.1,0.813
1114,NP_014874.1,NP_595150.2,0.662
1115,NP_012859.1,NP_595545.1,0.598
1116,NP_116605.1,NP_595486.1,1.024
1117,NP_009443.1,NP_588163.1,0.931
1118,NP_015429.1,NP_596684.1,0.872
1119,NP_012484.1,NP_001342727.1,0.878
1120,NP_757338.1,NP_594480.1,0.947
1121,NP_015069.1,NP_594872.1,0.857
1122,NP_010538.1,NP_596361.1,1.179
1123,NP_015314.1,NP_594872.1,0.815
1124,NP_010851.1,NP_595053.1,0.246
1125,NP_012406.1,NP_001342909.1,0.644
1126,NP_015049.1,NP_596849.1,0.29
1127,NP_014705.1,NP_001342943.1,1.137
1128,NP_085069.3,NP_593233.1,0.799
1129,NP_116697.3,NP_596594.1,1.105
1130,NP_014371.1,NP_001342894.1,0.911
1131,NP_010113.1,NP_596821.1,0.303
1132,NP_015192.1,NP_594996.1,0.951
1133,NP_015121.1,NP_595289.1,0.621
1134,NP_013682.1,NP_593280.1,0.79
1135,NP_878103.1,NP_001343137.1,1.53
1136,NP_010828.1,NP_595015.1,1.021
1137,NP_878151.1,NP_001343113.1,1.052
1138,NP_009363.1,NP_594698.2,1.063
1139,NP_012446.1,NP_594099.1,1.2
1140,NP_013039.1,NP_596849.1,0.301
1141,NP_010994.3,NP_001018252.1,1.115
1142,NP_013114.1,NP_595318.2,0.549
1143,NP_116709.3,NP_593371.1,0.908
1144,NP_014722.1,NP_588452.2,0.848
1145,NP_011069.1,NP_594145.1,0.867
1146,NP_011339.1,NP_593284.1,0.902
1147,NP_013661.1,NP_001342893.1,0.712
1148,NP_014304.1,NP_593376.1,0.889
1149,NP_011851.1,NP_587758.1,0.594
1150,NP_011096.1,NP_596764.1,0.831
1151,NP_010249.1,NP_001342923.1,1.223
1152,NP_014989.3,NP_001342821.1,0.994
1153,NP_014168.1,NP_593003.1,0.68
1154,NP_010381.1,NP_594846.1,1.009
1155,NP_012136.1,NP_595321.1,0.784
1156,NP_015248.1,NP_596520.1,1.013
1157,NP_012547.2,NP_593853.1,0.469
1158,NP_013016.4,NP_588075.1,0.738
1159,NP_012694.1,NP_587747.1NP_594134.1,0.523
1160,NP_013415.1,NP_594855.1,1.132
1161,NP_010360.1,NP_596646.1,0.411
1162,NP_683715.1,NP_587778.1,1.144
1163,NP_015209.1,NP_593659.1,0.879
1164,NP_011483.3,NP_594922.1,1.235
1165,NP_014578.1,NP_596403.1,0.997
1166,NP_001335798.1,NP_596019.1,0.947
1167,NP_013583.1,NP_594134.1,0.362
1168,NP_010084.1,NP_594198.1,0.697
1169,NP_013828.1,NP_596595.1,0.68
1170,NP_010533.1,NP_595795.1,0.657
1171,NP_011715.1,NP_596807.1,0.265
1172,NP_013452.1,NP_593169.1,0.44
1173,NP_011055.3,NP_001342923.1,0.788
1174,NP_011960.2,NP_596425.1,0.364
1175,NP_013669.1,NP_587924.1,0.938
1176,NP_009564.1,NP_594683.1NP_595567.1NP_596467.1,0.378
1177,NP_010304.3,NP_594261.1,0.688
1178,NP_012016.1,NP_001342726.1,1.176
1179,NP_012707.1,NP_592809.1,0.224
1180,NP_036195.3,NP_596242.3,1.302
1181,NP_012860.1,NP_001343077.1,1.384
1182,NP_012345.1,NP_001342833.1NP_593234.1,0.289
1183,NP_013744.1,NP_587987.1,1.006
1184,NP_015347.1,NP_001417955.1,0.78
1185,NP_014197.2,NP_588416.1,0.548
1186,NP_015420.1,NP_594936.1,0.775
1187,NP_010262.1,NP_596682.1,0.292
1188,NP_010467.1,NP_588022.2,0.906
1189,NP_010811.1,NP_592864.1,0.589
1190,NP_014390.2,NP_587827.1,1.026
1191,NP_010487.3,NP_594061.1,0.74
1192,NP_015478.1,NP_592930.1,0.878
1193,NP_010067.1,NP_593057.1,0.748
1194,NP_010623.3,NP_596072.1,0.766
1195,NP_011426.1,NP_588038.1,1.488
1196,NP_010459.1,NP_595672.1,0.99
1197,NP_009431.1,NP_001343134.1,2.849
1198,NP_011527.1,NP_596390.2,0.985
1199,NP_009772.1,NP_588414.1,0.784
1200,NP_444296.1,NP_596292.1,0.927
1201,NP_015234.1,NP_001417930.1NP_595589.1,0.45
1202,NP_010638.3,NP_595862.1,0.904
1203,NP_013104.1,NP_595045.1,0.306
1204,NP_010319.3,NP_595223.1,1.652
1205,NP_011958.1,NP_001342766.1,0.559
1206,NP_015334.1,NP_593771.1,1.053
1207,NP_015330.1,NP_596570.2,0.911
1208,NP_014420.1,NP_593110.1,1.09
1209,NP_009869.3,NP_595867.1NP_595875.1,1.234
1210,NP_014753.1,NP_594100.1,0.88
1211,NP_001335819.1,NP_593401.1,0.992
1212,NP_001335784.1,NP_001343116.1,1.137
1213,NP_012881.1,NP_596183.1,1.0
1214,NP_001335750.1,NP_001343103.1,1.156
1215,NP_010295.3,NP_596510.1,0.375
1216,NP_012642.1,NP_592934.1,1.051
1217,NP_013697.1,NP_596390.2,1.364
1218,NP_012093.1,NP_595573.1,1.193
1219,NP_014486.1,NP_596425.1,0.32
1220,NP_014873.3,NP_596382.1,0.882
1221,NP_013923.1,NP_594339.1,0.712
1222,NP_009449.1,NP_596223.1,0.927
1223,NP_014859.3,NP_594608.1,0.642
1224,NP_009349.3,NP_595321.1,0.707
1225,NP_013051.1,NP_588199.1,1.127
1226,NP_011589.3,NP_596727.2,1.024
1227,NP_011477.1,NP_592824.1,0.806
1228,NP_010582.3,NP_596785.1,0.934
1229,NP_015283.1,NP_592848.1,0.671
1230,NP_013107.1,NP_594129.1,1.0
1231,NP_014092.1,NP_595564.1,0.572
1232,NP_010395.1,NP_001343051.1,1.029
1233,NP_001381967.1,NP_001343147.1,2.283
1234,NP_116622.1,NP_593662.1,1.129
1235,NP_116678.1,NP_001018242.1,0.826
1236,NP_009835.3,NP_001342847.1,1.039
1237,NP_013756.1,NP_595212.1,1.079
1238,NP_009823.2,NP_593524.1,0.912
1239,NP_014919.3,NP_594911.1,1.217
1240,NP_015166.1,NP_001342987.1,0.817
1241,NP_014016.1,NP_593714.1,1.077
1242,NP_015319.1,NP_593971.1,0.747
1243,NP_012272.3,NP_594643.1,0.817
1244,NP_013091.1,NP_596404.1,0.941
1245,NP_015292.1,NP_595152.1NP_595933.1,0.986
1246,NP_010829.1,NP_592818.1,1.132
1247,NP_011408.1,NP_595973.1,0.492
1248,NP_015501.2,NP_587765.1,0.587
1249,NP_013252.1,NP_593714.1,0.907
1250,NP_014935.3,NP_593696.1,0.84
1251,NP_014624.1,NP_595100.2,0.758
1252,NP_013362.1,NP_594163.1,2.294
1253,NP_012615.3,NP_593902.1,1.317
1254,NP_001268465.1,NP_001417984.1,0.91
1255,NP_009697.3,NP_596758.1,0.523
1256,NP_014480.1,NP_001342731.1,0.721
1257,NP_009903.2,NP_001342727.1,0.95
1258,NP_012135.1,NP_594284.1,0.784
1259,NP_013099.1,NP_587848.1,0.639
1260,NP_013282.1,NP_593652.2,1.124
1261,NP_014352.3,NP_596204.1,0.998
1262,NP_013058.1,NP_592958.1,0.725
1263,NP_015217.1,NP_588163.1,0.968
1264,NP_015346.1,NP_595486.1,0.932
1265,NP_014481.1,NP_595228.1,1.166
1266,NP_012891.4,NP_587952.1,0.378
1267,NP_012067.4,NP_588185.1,0.627
1268,NP_001254791.1,NP_593415.1,1.616
1269,NP_014213.2,NP_596371.1,1.014
1270,NP_010142.2,NP_595780.1,1.159
1271,NP_015409.1,NP_588049.1,0.979
1272,NP_014948.1,NP_001342861.1NP_593660.1,0.497
1273,NP_013835.1,NP_001343031.1,0.981
1274,NP_012545.1,NP_593719.1,0.716
1275,NP_116707.3,NP_595741.1,1.005
1276,NP_001335760.1,NP_595691.1,0.906
1277,NP_014478.1,NP_594813.1,0.899
1278,NP_011844.1,NP_595509.1,0.978
1279,NP_014661.1,NP_588220.1,0.811
1280,NP_014489.2,NP_595065.1,0.524
1281,NP_009944.2,NP_595790.1,1.252
1282,NP_010450.3,NP_001342752.1,0.58
1283,NP_014479.1,NP_588287.1,0.9
1284,NP_012115.1,NP_595486.1,0.903
1285,NP_012907.3,NP_593443.1,0.466
1286,NP_013447.1,NP_596746.1,0.48
1287,NP_011964.1,NP_596425.1,0.382
1288,NP_014603.1,NP_596513.1,0.392
1289,NP_012681.1,NP_596836.2,1.025
1290,NP_010814.1,NP_587892.2,0.903
1291,NP_011058.3,NP_001342923.1,0.912
1292,NP_013972.1,NP_001343185.1,0.73
1293,NP_010786.3,NP_594254.1,1.119
1294,NP_014283.3,NP_596071.1,1.049
1295,NP_013870.1,NP_596133.1,0.608
1296,NP_012283.1,NP_593662.1,1.03
1297,NP_012193.3,NP_592926.1,0.883
1298,NP_011804.1,NP_593509.1,0.503
1299,NP_009624.4,NP_596849.1,0.262
1300,NP_014239.1,NP_595021.1,1.124
1301,NP_012395.1,NP_595415.1,1.16
1302,NP_015064.1,NP_592921.1,0.409
1303,NP_014368.1,NP_001417934.1NP_595566.1NP_596468.1,0.264
1304,NP_009789.1,NP_596395.1,1.139
1305,NP_010195.1,NP_593304.1,1.065
1306,NP_011387.2,NP_594264.1,1.165
1307,NP_014626.1,NP_594436.1,0.59
1308,NP_010778.3,NP_593754.1,0.537
1309,NP_010734.1,NP_001342792.1,0.844
1310,NP_014427.1,NP_594684.1,0.399
1311,NP_001335799.1,NP_596019.1,0.876
1312,NP_015359.1,NP_594356.1,0.778
1313,NP_014081.1,NP_592790.1,0.528
1314,NP_014612.1,NP_594938.1,0.358
1315,NP_009552.1,NP_594421.1,0.293
1316,NP_014985.1,NP_594768.1,1.111
1317,NP_058165.3,NP_001417984.1,0.909
1318,NP_013734.1,NP_592923.1,0.907
1319,NP_014210.1,NP_587868.1,0.239
1320,NP_011773.3,NP_594067.2,0.497
1321,NP_013869.1,NP_587768.1,0.518
1322,NP_015186.1,NP_593284.1,0.982
1323,NP_014288.3,NP_587997.1,0.493
1324,NP_012371.2,NP_587830.1,0.713
1325,NP_012126.1,NP_588131.1,0.932
1326,NP_012719.2,NP_596275.1,0.236
1327,NP_014242.1,NP_593267.1,1.206
1328,NP_012120.1,NP_594646.1,0.961
1329,NP_076886.3,NP_596155.1,1.029
1330,NP_013846.1,NP_593736.1,0.707
1331,NP_116644.1,NP_596425.1,0.36
1332,NP_010023.1,NP_596663.1,1.321
1333,NP_009641.1,NP_596715.1,0.468
1334,NP_012240.3,NP_595205.1,1.091
1335,NP_014632.1,NP_592772.1NP_592781.1,0.336
1336,NP_010515.3,NP_596371.1,0.974
1337,NP_011984.1,NP_587875.2,1.254
1338,NP_010440.1,NP_594870.1,1.76
1339,NP_014724.1,NP_001342854.1,0.789
1340,NP_012822.1,NP_596554.1,1.053
1341,NP_010981.3,NP_593511.1,0.398
1342,NP_009818.3,NP_595360.1,1.068
1343,NP_011399.1,NP_594674.1,0.615
1344,NP_001257674.1,NP_592934.1,1.012
1345,NP_878165.1,NP_001343162.1,1.069
1346,NP_012144.1,NP_588232.1,1.051
1347,NP_009707.3,NP_596843.1,0.43
1348,NP_012724.1,NP_593468.1,0.426
1349,NP_013321.1,NP_587676.3,0.902
1350,NP_009709.1,NP_594572.1,1.305
1351,NP_001335763.1,NP_596019.1,1.073
1352,NP_011079.3,NP_593270.1,0.563
1353,NP_001335810.1,NP_592765.1,0.842
1354,NP_010643.3,NP_594115.1,0.83
1355,NP_001257672.1,NP_592934.1,1.17
1356,NP_012330.1,NP_001343064.1,1.118
1357,NP_011566.1,NP_595405.1,0.786
1358,NP_012212.1,NP_594438.1,0.616
1359,NP_009739.1,NP_588568.1,0.54
1360,NP_012291.1,NP_593748.1,1.18
1361,NP_012450.1,NP_593654.1,0.547
1362,NP_014055.1,NP_592815.1,0.517
1363,NP_013716.1,NP_001342990.1,1.092
1364,NP_013632.1,NP_594419.1,1.001
1365,NP_014822.1,NP_588534.1,1.126
1366,NP_010388.1,NP_594894.2,0.767
1367,NP_012403.1,NP_596164.1,0.822
1368,NP_014896.3,NP_588054.2,1.035
1369,NP_012066.1,NP_593284.1,0.642
1370,NP_014296.4,NP_001342894.1,1.075
1371,NP_013030.1,NP_001342744.1,0.801
1372,NP_012480.1,NP_593927.1,0.816
1373,NP_013060.1,NP_596800.2,0.365
1374,NP_011582.1,NP_596223.1,0.617
1375,NP_011401.1,NP_587724.1,0.774
1376,NP_012910.1,NP_595321.1,0.666
1377,NP_013515.3,NP_594269.1,0.922
1378,NP_010143.1,NP_587747.1,0.765
1379,NP_010059.1,NP_588418.1,0.735
1380,NP_009894.1,NP_595475.2,0.947
1381,NP_011832.1,NP_593539.1,0.597
1382,NP_001257673.1,NP_001343103.1,1.357
1383,NP_013593.1,NP_596356.2,0.909
1384,NP_009754.1,NP_593810.1,0.53
1385,NP_013878.1,NP_596548.2,0.981
1386,NP_009543.1,NP_596462.1,1.045
1387,NP_010082.1,NP_594800.1,0.97
1388,NP_013174.1,NP_001342969.1,1.058
1389,NP_014750.3,NP_595087.2,1.006
1390,NP_011279.1,NP_593416.1,1.539
1391,NP_014652.1,NP_001342978.1,1.17
1392,NP_015333.1,NP_593288.1,0.871
1393,NP_012335.1,NP_594031.2,0.325
1394,NP_009535.1,NP_001342905.1,0.726
1395,NP_009901.1,NP_593613.1,0.748
1396,NP_011834.1,NP_001342783.1,1.15
1397,NP_014598.1,NP_587914.1,0.785
1398,NP_010588.1,NP_588314.2,1.076
1399,NP_015473.1,NP_593313.1,0.75
1400,NP_010177.1,NP_594846.1,1.092
1401,NP_012225.1,NP_592908.1,0.575
1402,NP_116632.1,NP_588278.2,1.051
1403,NP_012876.1,NP_593607.1,0.756
1404,NP_013017.2,NP_595103.1,0.834
1405,NP_013740.1,NP_587971.1,0.401
1406,NP_014380.3,NP_588130.1,0.877
1407,NP_015507.1,NP_596319.1,0.302
1408,NP_011813.1,NP_001343051.1,1.059
1409,NP_013644.1,NP_592845.1,0.54
1410,NP_009414.1,NP_594730.2,1.069
1411,NP_878181.1,NP_596490.1,0.989
1412,NP_011831.1,NP_588066.1,0.862
1413,NP_009508.1,NP_587698.1,0.711
1414,NP_012595.1,NP_001018181.1,1.264
1415,NP_011962.1,NP_596425.1,0.355
1416,NP_014614.1,NP_593944.1,0.977
1417,NP_010056.1,NP_596620.1,0.858
1418,NP_011082.3,NP_592928.1,0.88
1419,NP_014051.3,NP_595121.1,0.48
1420,NP_015418.2,NP_001342786.1,1.055
1421,NP_009467.1,NP_593754.1,1.017
1422,NP_014184.1,NP_593760.1,1.014
1423,NP_001335788.1,NP_593401.1,0.967
1424,NP_014043.1,NP_595765.1,0.765
1425,NP_014957.2,NP_593336.1NP_594147.1,0.324
1426,NP_014027.1,NP_595685.2,1.049
1427,NP_015485.1,NP_594258.1,0.412
1428,NP_010345.3,NP_596477.1,0.664
1429,NP_013410.1,NP_594643.1,0.767
1430,NP_012692.3,NP_596425.1,0.295
1431,NP_013023.3,NP_594031.2,0.686
1432,NP_012316.1,NP_596425.1,0.334
1433,NP_009526.1,NP_596715.1,0.468
1434,NP_014876.1,NP_001342923.1,0.624
1435,NP_009905.3,NP_595000.1,0.31
1436,NP_014024.1,NP_588418.1,1.105
1437,NP_011746.3,NP_593867.1,1.012
1438,NP_015518.1,NP_588424.1,0.729
1439,NP_012375.2,NP_594617.1,1.043
1440,NP_014374.1,NP_593958.1,0.62
1441,NP_014716.1,NP_594301.1,0.857
1442,NP_011855.1,NP_588087.1,0.811
1443,NP_011992.1,NP_594452.1,0.889
1444,NP_009383.1,NP_593617.1,0.595
1445,NP_116667.1,NP_594007.2,0.719
1446,NP_014723.2,NP_588152.1,0.621
1447,NP_015276.1,NP_588232.1,0.86
1448,NP_009410.1,NP_001342881.1,0.696
1449,NP_015482.1,NP_595329.1,0.322
1450,NP_012377.1,NP_594617.1,1.082
1451,NP_014938.3,NP_595841.1,1.114
1452,NP_011396.1,NP_593265.1,0.51
1453,NP_010800.3,NP_596517.2,1.353
1454,NP_014300.3,NP_595588.1,0.967
1455,NP_012072.3,NP_594250.1,0.426
1456,NP_015105.1,NP_595862.1,0.936
1457,NP_011643.1,NP_001342945.1,0.962
1458,NP_012785.2,NP_001343185.1,0.618
1459,NP_009653.2,NP_593748.1,1.069
1460,NP_116587.1,NP_596863.1,0.938
1461,NP_012139.1,NP_001342820.1,1.016
1462,NP_011063.3,NP_594029.1,1.164
1463,NP_878095.3,NP_594224.1,0.859
1464,NP_012986.1,NP_587815.1,0.779
1465,NP_011540.3,NP_596818.1,0.916
1466,NP_012079.1,NP_588543.1,0.709
1467,NP_116693.3,NP_594726.1,1.274
1468,NP_013112.2,NP_588175.1,1.229
1469,NP_014170.1,NP_595159.1,1.0
1470,NP_011554.3,NP_595564.1,0.485
1471,NP_013732.1,NP_595321.1,0.756
1472,NP_013489.1,NP_001342770.1,0.832
1473,NP_058141.1,NP_596814.1,1.244
1474,NP_011277.1,NP_594272.1,1.232
1475,NP_757339.1,NP_594480.1,0.947
1476,NP_009786.1,NP_596710.1,0.799
1477,NP_015430.1,NP_593654.1,0.478
1478,NP_010340.1,NP_001342953.1,0.491
1479,NP_011759.1,NP_587737.1,0.454
1480,NP_014622.1,NP_596849.1,0.303
1481,NP_010078.1,NP_588282.1,0.646
1482,NP_010997.3,NP_594253.1,0.427
1483,NP_001335804.1,NP_588299.1,0.91
1484,NP_015095.1,NP_592938.1,1.248
1485,NP_014419.1,NP_588007.1,1.344
1486,NP_014510.1,NP_588163.1,0.768
1487,NP_015328.1,NP_595014.1,0.486
1488,NP_012869.1,NP_595234.1,1.429
1489,NP_011081.1,NP_593559.1,0.589
1490,NP_013945.1,NP_594102.1,0.467
1491,NP_014188.1,NP_594435.1,1.097
1492,NP_012975.3,NP_594478.1,0.938
1493,NP_014833.3,NP_594643.1,0.607
1494,NP_014195.1,NP_588493.1,1.061
1495,NP_015510.1,NP_594106.1,0.729
1496,NP_012224.1,NP_595182.1,0.937
1497,NP_015070.1,NP_587845.1,0.956
1498,NP_058136.1,NP_594753.1,1.289
1499,NP_010465.4,NP_587808.1,0.757
1500,NP_013466.1,NP_593754.1,0.642
1501,NP_011825.1,NP_587848.1,0.728
1502,NP_012266.1,NP_001342863.1,0.975
1503,NP_009747.3,NP_588560.1,1.1
1504,NP_015474.1,NP_595695.1,1.022
1505,NP_009830.3,NP_593178.1,0.846
1506,NP_014546.1,NP_588242.1,0.802
1507,NP_009844.4,NP_596570.2,0.936
1508,NP_009942.2,NP_001342733.1,1.16
1509,NP_010260.1,NP_595181.1,0.402
1510,NP_013441.1,NP_594758.1,0.935
1511,NP_014678.1,NP_594451.2,0.655
1512,NP_012796.1,NP_593754.1,0.411
1513,NP_010057.1,NP_587722.1,0.668
1514,NP_009817.3,NP_001018248.2,1.038
1515,NP_010876.2,NP_593841.1,0.733
1516,NP_014885.3,NP_596390.2,0.884
1517,NP_013936.1,NP_594160.2,0.873
1518,NP_009415.1,NP_594730.2,1.096
1519,NP_009964.2,NP_596759.1,0.794
1520,NP_014560.1,NP_595304.1,0.814
1521,NP_009447.1,NP_595229.1,0.873
1522,NP_011049.2,NP_593916.1,0.674
1523,NP_009798.3,NP_594284.1,0.921
1524,NP_010051.1,NP_594934.1,0.55
1525,NP_012164.1,NP_595228.1,1.37
1526,NP_013437.1,NP_594485.1,0.65
1527,NP_011620.1,NP_587814.1,0.759
1528,NP_009683.1,NP_588401.1,0.85
1529,NP_012496.1,NP_001417973.1,1.176
1530,NP_014625.1,NP_595385.1,0.94
1531,NP_011938.1,NP_596374.1,0.911
1532,NP_010899.3,NP_587914.1,1.061
1533,NP_014328.3,NP_596331.1,0.578
1534,NP_015212.1,NP_595132.2,0.621
1535,NP_116603.1,NP_593509.1,0.492
1536,NP_011983.1,NP_587901.1,1.047
1537,NP_011368.3,NP_587694.1,0.351
1538,NP_013877.1,NP_588111.2,1.014
1539,NP_001018030.1,NP_596610.1,0.715
1540,NP_014350.1,NP_595621.3,0.581
1541,NP_058162.3,NP_596839.1,0.991
1542,NP_010990.1,NP_595685.2,1.128
1543,NP_010547.1,NP_594643.1,0.626
1544,NP_012101.1,NP_588524.1,1.13
1545,NP_011411.3,NP_587690.1,0.725
1546,NP_010732.1,NP_587946.1,0.736
1547,NP_001418069.1,NP_588009.1,1.128
1548,NP_012755.1,NP_587830.1,0.487
1549,NP_010162.1,NP_595942.1,1.121
1550,NP_011357.1,NP_594436.1,0.665
1551,NP_015210.1,NP_595237.1,0.663
1552,NP_012229.1,NP_595564.1,0.571
1553,NP_010063.1,NP_587988.1,0.998
1554,NP_014322.1,NP_596309.1,0.823
1555,NP_015058.1,NP_596849.1,0.284
1556,NP_010980.1,NP_587829.1,1.065
1557,NP_012654.1,NP_593433.1,0.861
1558,NP_010182.1,NP_587941.1,0.551
1559,NP_014640.1,NP_001018794.2,0.699
1560,NP_011334.1,NP_596008.1,1.058
1561,NP_012487.1,NP_596591.1,1.014
1562,NP_011377.1,NP_593689.1,0.812
1563,NP_014595.2,NP_596450.1,0.992
1564,NP_009498.1,NP_594071.1,0.873
1565,NP_009368.2,NP_594917.1,0.982
1566,NP_010282.3,NP_593394.1,1.026
1567,NP_001335740.1,NP_001342983.1,1.167
1568,NP_010138.1,NP_595949.1,0.277
1569,NP_010242.1,NP_593152.1,0.858
1570,NP_009995.1,NP_588258.1,0.947
1571,NP_013327.1,NP_596438.3,0.877
1572,NP_009370.1,NP_588213.1,1.002
1573,NP_015046.1,NP_001342819.1,0.975
1574,NP_014071.1,NP_595349.1,1.109
1575,NP_014773.4,NP_594641.2,0.402
1576,NP_015293.1,NP_001342923.1,0.849
1577,NP_014706.1,NP_593471.1NP_594780.1,0.228
1578,NP_012588.1,NP_588131.1,0.867
1579,NP_219495.2,NP_001343120.1,1.054
1580,NP_010600.1,NP_587828.1,0.678
1581,NP_010772.1,NP_593654.1,0.668
1582,NP_014438.3,NP_594689.1,0.797
1583,NP_013907.1,NP_596183.1,0.901
1584,NP_010496.3,NP_595223.1,1.098
1585,NP_012934.1,NP_596858.1,0.747
1586,NP_116668.1,NP_593079.1,0.995
1587,NP_076874.1,NP_001018291.2,1.126
1588,NP_014703.1,NP_596727.2,0.99
1589,NP_012470.1,NP_592893.1,0.992
1590,NP_058192.1,NP_596814.1,1.227
1591,NP_015164.1,NP_594353.1,0.865
1592,NP_013853.1,NP_596005.1,1.11
1593,NP_010317.3,NP_595321.1,0.776
1594,NP_011389.3,NP_596796.1,1.129
1595,NP_116616.1,NP_596774.1,0.358
1596,NP_015379.1,NP_595564.1,0.555
1597,NP_010625.1,NP_594377.1,0.662
1598,NP_001257668.1,NP_595223.1,1.696
1599,NP_878070.1,NP_595649.1,1.34
1600,NP_012029.1,NP_595224.1,1.011
1601,NP_010770.3,NP_588468.3,1.17
1602,NP_013832.1,NP_595522.1,1.012
1603,NP_012425.1,NP_592936.1,0.946
1604,NP_009723.3,NP_593631.1,0.598
1605,NP_015025.3,NP_593509.1,0.622
1606,NP_012877.1,NP_596321.2,0.619
1607,NP_010728.1,NP_001018181.1,0.895
1608,NP_009578.1,NP_587822.1,0.98
1609,NP_010104.1,NP_594402.1,1.064
1610,NP_012733.1,NP_588371.3,0.907
1611,NP_011303.1,NP_587792.1,0.569
1612,NP_116696.2,NP_593325.1,0.707
1613,NP_012853.1,NP_594650.1,1.152
1614,NP_014718.1,NP_588045.1,0.72
1615,NP_015154.1,NP_595868.1,0.461
1616,NP_116689.1,NP_595090.2,1.016
1617,NP_014918.1,NP_594252.1,0.474
1618,NP_010021.1,NP_593283.1,1.246
1619,NP_009338.1,NP_595272.1,1.06
1620,NP_011887.1,NP_594675.1,1.024
1621,NP_013121.1,NP_595754.1,0.838
1622,NP_013176.1,NP_594315.1,0.34
1623,NP_012462.3,NP_587914.1,1.078
1624,NP_010988.1,NP_596145.1,0.771
1625,NP_009561.2,NP_592847.1,0.707
1626,NP_009804.1,NP_001342861.1,0.531
1627,NP_011349.3,NP_588223.1,0.955
1628,NP_014832.1,NP_593104.1NP_595817.1,1.069
1629,NP_014838.3,NP_594608.1,1.01
1630,NP_012134.1,NP_593052.1,0.9
1631,NP_010339.1,NP_596239.1,1.014
1632,NP_013164.1,NP_594355.1,0.802
1633,NP_011586.1,NP_593705.1,1.021
1634,NP_015509.1,NP_596707.1,0.739
1635,NP_013937.1,NP_587880.1,0.787
1636,NP_014266.3,NP_594876.1,0.954
1637,NP_010831.3,NP_595573.1,1.237
1638,NP_011819.1,NP_594730.2,1.111
1639,NP_010434.1,NP_595710.1,1.383
1640,NP_013980.1,NP_587721.1,0.69
1641,NP_010120.1,NP_001417976.1,1.083
1642,NP_012576.1,NP_001018780.3,0.581
1643,NP_058194.1,NP_596814.1,1.248
1644,NP_011027.1,NP_596787.1,0.853
1645,NP_009589.1,NP_593160.2,0.903
1646,NP_013785.1,NP_593714.1,1.102
1647,NP_013790.1,NP_593181.1,1.081
1648,NP_010959.2,NP_596050.1,0.84
1649,NP_014695.1,NP_595607.1,1.058
1650,NP_012069.3,NP_593665.1,0.636
1651,NP_010945.1,NP_596183.1,0.841
1652,NP_011829.1,NP_593315.1,1.072
1653,NP_011522.1,NP_593267.1,1.548
1654,NP_013917.1,NP_001342783.1,0.753
1655,NP_011857.2,NP_593052.1,0.977
1656,NP_009599.2,NP_595329.1,0.607
1657,NP_010226.1,NP_593969.1,0.769
1658,NP_012723.3,NP_587949.1,0.652
1659,NP_010865.1,NP_588015.1,1.209
1660,NP_014461.3,NP_001018765.1,0.475
1661,NP_011253.1,NP_595573.1,1.213
1662,NP_014710.1,NP_596744.1,0.363
1663,NP_011006.2,NP_587732.1,1.108
1664,NP_010752.3,NP_594850.2,1.15
1665,NP_014772.1,NP_588362.1,0.912
1666,NP_015490.1,NP_592998.1,0.82
1667,NP_011454.1,NP_596462.1,1.062
1668,NP_014046.1,NP_593960.2,0.619
1669,NP_013390.1,NP_594767.1NP_595969.1,0.275
1670,NP_010213.1,NP_001342973.1,0.659
1671,NP_058178.1,NP_001417984.1,0.908
1672,NP_014805.3,NP_595321.1,0.658
1673,NP_116715.3,NP_001343041.1,1.066
1674,NP_012780.1,NP_593893.1,1.259
1675,NP_012027.1,NP_593232.1,0.874
1676,NP_015320.1,NP_588200.1,0.65
1677,NP_013123.1,NP_596554.1,0.983
1678,NP_001335826.1,NP_596490.1,0.976
1679,NP_010661.3,NP_588476.1,0.518
1680,NP_013388.1,NP_594938.1,0.866
1681,NP_009745.2,NP_593468.1,0.975
1682,NP_014665.1,NP_587946.1,0.527
1683,NP_011840.1,NP_001342825.1,1.211
1684,NP_015226.1,NP_593381.3,1.02
1685,NP_001335756.1,NP_595997.1,1.199
1686,NP_011876.1,NP_595935.2,1.036
1687,NP_013131.1,NP_594220.1,0.875
1688,NP_015447.1,NP_593544.1,0.808
1689,NP_116682.3,NP_592934.1,0.811
1690,NP_219498.1,NP_596429.1,0.968
1691,NP_010526.1,NP_587963.1,0.994
1692,NP_011576.1,NP_593559.1,0.734
1693,NP_011458.1,NP_595973.1,1.196
1694,NP_015244.1,NP_592945.1,0.501
1695,NP_010019.1,NP_595486.1,0.928
1696,NP_010352.1,NP_593563.1,0.968
1697,NP_001381968.1,NP_593864.1,1.105
1698,NP_012022.1,NP_588232.1,1.004
1699,NP_015427.1,NP_594150.1NP_595899.1,0.479
1700,NP_014594.2,NP_593707.1,1.0
1701,NP_012452.1,NP_588075.1,0.982
1702,NP_010070.1,NP_596755.1,0.925
1703,NP_012478.3,NP_596328.1,0.776
1704,NP_013431.1,NP_596414.1,1.67
1705,NP_013418.2,NP_596014.1,0.872
1706,NP_014063.1,NP_593571.1,1.379
1707,NP_014050.2,NP_596007.1,1.161
1708,NP_014458.1,NP_595065.1,0.659
1709,NP_013400.1,NP_588176.1,1.146
1710,NP_009956.2,NP_593524.1,0.645
1711,NP_015371.1,NP_595208.1NP_596308.1,0.816
1712,NP_013614.1,NP_001342969.1,1.091
1713,NP_010765.3,NP_593754.1,0.618
1714,NP_009378.1,NP_595756.1,0.865
1715,NP_116585.1,NP_587801.1,0.925
1716,NP_012252.1,NP_593995.1,0.466
1717,NP_011042.3,NP_588139.1NP_594075.1,0.304
1718,NP_010835.1,NP_001343051.1,0.916
1719,NP_012182.1,NP_594462.1,1.047
1720,NP_010907.3,NP_001342821.1,1.039
1721,NP_116673.1,NP_001342844.1,0.758
1722,NP_010005.1,NP_594287.1,0.907
1723,NP_015264.1,NP_593172.1,0.383
1724,NP_011019.1,NP_596586.1,0.709
1725,NP_012428.1,NP_594041.1,1.363
1726,NP_011836.1,NP_592936.1NP_596183.1,0.947
1727,NP_013633.1,NP_596532.1,0.625
1728,NP_011684.1,NP_596260.1,1.317
1729,NP_011434.1,NP_588022.2,1.187
1730,NP_014226.1,NP_001342726.1,1.222
1731,NP_015010.1,NP_588275.1,0.384
1732,NP_011971.1,NP_588075.1,0.949
1733,NP_014104.1,NP_596347.1,0.951
1734,NP_058180.1,NP_596814.1,1.217
1735,NP_015255.1,NP_596110.3,1.011
1736,NP_014223.2,NP_596007.1,1.097
1737,NP_014537.1,NP_001343025.1,0.749
1738,NP_014671.1,NP_593039.1,1.072
1739,NP_878182.1,NP_001343113.1,1.059
1740,NP_013305.1,NP_596584.1,1.187
1741,NP_001032574.1,NP_588006.1,1.194
1742,NP_009796.1,NP_587984.1,0.62
1743,NP_878152.1,NP_593742.1,1.261
1744,NP_015483.1,NP_594643.1,1.03
1745,NP_012669.1,NP_595849.1,0.878
1746,NP_013401.1,NP_595731.1,1.085
1747,NP_014851.3,NP_593108.1,0.92
1748,NP_011569.1,NP_593353.1,0.533
1749,NP_014073.1,NP_001018794.2,0.56
1750,NP_010607.3,NP_592784.1,0.614
1751,NP_011632.3,NP_593284.1,0.72
1752,NP_015235.1,NP_592833.1,0.382
1753,NP_015123.1,NP_593284.1,0.848
1754,NP_010404.1,NP_587899.1,0.909
1755,NP_009875.1,NP_595177.1,0.954
1756,NP_013755.1,NP_594424.1,0.697
1757,NP_012117.3,NP_594092.1,0.486
1758,NP_013666.1,NP_588275.1,0.906
1759,NP_013250.1,NP_594930.1,0.967
1760,NP_012875.2,NP_596473.1,1.33
1761,NP_014522.1,NP_592802.1,0.643
1762,NP_116691.3,NP_001342708.1,1.47
1763,NP_013040.1,NP_594063.3,0.76
1764,NP_011336.3,NP_596023.1,0.652
1765,NP_010703.1,NP_001342844.1,0.618
1766,NP_015508.1,NP_594380.1,0.654
1767,NP_013098.1,NP_595568.1,0.542
1768,NP_001091638.1,NP_594784.2,0.65
1769,NP_012861.1,NP_001342894.1,0.931
1770,NP_012177.1,NP_001342999.1,1.019
1771,NP_009487.2,NP_595324.1,0.843
1772,NP_013910.1,NP_594697.1,0.812
1773,NP_010545.3,NP_587726.1,1.095
1774,NP_011674.3,NP_595260.1,0.817
1775,NP_013067.1,NP_001342987.1,1.036
1776,NP_014039.1,NP_596729.1,0.332
1777,NP_010378.1,NP_001342913.1,0.351
1778,NP_010276.3,NP_595987.1,1.087
1779,NP_010001.1,NP_594311.2,0.626
1780,NP_009345.3,NP_594687.1,1.056
1781,NP_076909.1,NP_001018260.1,0.972
1782,NP_010650.1,NP_595995.1,0.906
1783,NP_013319.1,NP_595753.1,1.379
1784,NP_011556.1,NP_587772.3,1.14
1785,NP_012195.1,NP_594253.1,0.427
1786,NP_013753.1,NP_593259.1,1.069
1787,NP_011056.1,NP_595862.1,1.098
1788,NP_010499.1,NP_593664.2,0.879
1789,NP_013994.1,NP_593328.1,0.47
1790,NP_011084.1,NP_596325.1,0.596
1791,NP_009391.2,NP_594980.1,0.973
1792,NP_011369.1,NP_588567.1,1.117
1793,NP_012783.1,NP_595616.1,0.736
1794,NP_011914.1,NP_595331.1,0.331
1795,NP_015159.1,NP_595780.1,1.022
1796,NP_011659.3,NP_594258.1,0.557
1797,NP_012612.3,NP_001342932.1NP_593430.1,1.016
1798,NP_012102.1,NP_595500.1,0.803
1799,NP_010413.3,NP_593862.1,0.512
1800,NP_116593.1,NP_593571.1,1.333
1801,NP_012623.1,NP_594633.2,1.116
1802,NP_011089.4,NP_594644.1,0.554
1803,NP_010068.1,NP_594970.1,0.695
1804,NP_010144.1,NP_596822.1,0.662
1805,NP_009558.2,NP_587993.1,0.626
1806,NP_011485.1,NP_593558.1,0.418
1807,NP_878079.1,NP_001417979.1,1.256
1808,NP_013088.1,NP_594123.1,0.778
1809,NP_013547.3,NP_593666.1,0.77
1810,NP_010046.1,NP_593714.1,1.125
1811,NP_013178.1,NP_587711.1,0.852
1812,NP_013507.1,NP_001342894.1,1.251
1813,NP_015038.1,NP_001018769.2,0.492
1814,NP_011955.1,NP_588015.1,1.178
1815,NP_010328.3,NP_595103.1,1.036
1816,NP_014191.2,NP_595085.1,1.256
1817,NP_015340.1,NP_596712.1,1.134
1818,NP_013925.1,NP_595174.1,1.069
1819,NP_116589.1,NP_001342751.1,0.993
1820,NP_011323.3,NP_596257.1,0.952
1821,NP_058176.1,NP_596814.1,1.225
1822,NP_010656.1,NP_596843.1,0.332
1823,NP_012019.1,NP_001342727.1,0.861
1824,NP_009919.3,NP_595425.1,0.935
1825,NP_015178.1,NP_588371.3,0.794
1826,NP_013758.1,NP_594539.1,0.794
1827,NP_012168.3,NP_001343115.1,1.177
1828,NP_013054.1,NP_596390.2,1.094
1829,NP_116704.1,NP_593354.1,0.883
1830,NP_015034.3,NP_595475.2,0.979
1831,NP_014183.1,NP_001342882.1,0.968
1832,NP_013287.1,NP_596370.1,0.812
1833,NP_010012.1,NP_595633.2,1.171
1834,NP_009460.1,NP_596809.1,0.407
1835,NP_009606.1,NP_001342866.1,1.135
1836,NP_001335795.1,NP_594726.1,1.092
1837,NP_690844.1,NP_594723.1,1.042
1838,NP_014382.1,NP_594207.3,0.987
1839,NP_013582.1,NP_595106.1NP_596774.1,0.249
1840,NP_013686.1,NP_588057.2NP_596506.1,0.28
1841,NP_012077.1,NP_594980.1,0.866
1842,NP_012006.1,NP_588156.1,1.101
1843,NP_014681.1,NP_596575.1,0.532
1844,NP_014815.3,NP_593001.1NP_594497.1,0.695
1845,NP_009949.1,NP_001343108.1,0.924
1846,NP_012284.3,NP_001018272.1,1.189
1847,NP_013328.1,NP_594817.2,0.89
1848,NP_014736.1,NP_593037.2,0.441
1849,NP_012323.1,NP_595653.1,0.264
1850,NP_878043.1,NP_001343113.1,1.331
1851,NP_011815.1,NP_593571.1,1.308
1852,NP_014702.1,NP_587946.1,0.862
1853,NP_010571.1,NP_588284.1,0.943
1854,NP_015350.1,NP_001342735.1,0.714
1855,NP_013043.1,NP_588427.2,0.674
1856,NP_010768.1,NP_001342792.1,0.885
1857,NP_013541.3,NP_001342996.1,1.031
1858,NP_012641.2,NP_595999.1,0.951
1859,NP_014386.2,NP_592772.1NP_592781.1,0.716
1860,NP_012112.3,NP_596078.1,0.962
1861,NP_012373.2,NP_595625.1,0.996
1862,NP_010601.3,NP_593593.1,0.932
1863,NP_015410.2,NP_593284.1,0.808
1864,NP_010561.1,NP_595790.1,0.944
1865,NP_012617.1,NP_596463.1,0.489
1866,NP_011671.3,NP_596641.1,0.766
1867,NP_014506.1,NP_596734.1,1.037
1868,NP_013072.1,NP_595329.1,0.322
1869,NP_012900.1,NP_594234.2,0.658
1870,NP_012061.3,NP_001018293.1,0.858
1871,NP_012032.1,NP_587737.1,0.428
1872,NP_010171.1,NP_593082.1,0.841
1873,NP_010670.3,NP_596513.1,0.447
1874,NP_009790.3,NP_594710.1,0.892
1875,NP_014204.2,NP_001343140.1,1.631
1876,NP_011451.1,NP_596548.2,0.674
1877,NP_116694.1,NP_594870.1,1.274
1878,NP_009651.3,NP_595181.1,0.355
1879,NP_013182.1,NP_596425.1,0.374
1880,NP_878098.1,NP_595797.1,0.886
1881,NP_001257687.1,NP_001343017.1,1.203
1882,NP_012207.3,NP_595685.2,1.071
1883,NP_014686.1,NP_596190.1,1.007
1884,NP_014243.3,NP_587827.1,0.911
1885,NP_014373.3,NP_595776.1,0.664
1886,NP_009337.2,NP_594023.1,0.867
1887,NP_010964.3,NP_595707.1,0.894
1888,NP_010706.3,NP_587897.1NP_587923.1,0.437
1889,NP_010819.1,NP_596856.1,0.837
1890,NP_012007.1,NP_595021.1,1.193
1891,NP_001032582.1,NP_588006.1,1.079
1892,NP_014192.1,NP_593261.2,0.593
1893,NP_013124.1,NP_594298.1,0.626
1894,NP_010821.3,NP_001343031.1,0.892
1895,NP_011412.1,NP_587907.1NP_596326.1,0.307
1896,NP_013368.1,NP_593001.1,0.596
1897,NP_014208.1,NP_001342845.1,0.831
1898,NP_009831.3,NP_587912.1,0.764
1899,NP_012954.3,NP_592978.1,0.734
1900,NP_010559.3,NP_594855.1,1.076
1901,NP_010200.1,NP_593452.1NP_595738.1,0.329
1902,NP_012625.5,NP_588075.1,0.691
1903,NP_010716.3,NP_594173.1,0.753
1904,NP_014026.1,NP_596758.1,0.64
1905,NP_014348.3,NP_592901.1,1.001
1906,NP_011050.3,NP_587700.1,0.848
1907,NP_010033.1,NP_593571.1,1.334
1908,NP_010602.3,NP_594100.1,1.034
1909,NP_009603.1,NP_596347.1,0.902
1910,NP_010271.3,NP_593782.1,1.126
1911,NP_012887.1,NP_595691.1,0.893
1912,NP_013266.1,NP_593920.1,1.017
1913,NP_013717.1,NP_593047.1,0.547
1914,NP_001335824.1,NP_001343130.1,1.099
1915,NP_001335814.1,NP_001343111.1,1.078
1916,NP_009461.2,NP_596060.1,1.062
1917,NP_013645.1,NP_594007.2,1.008
1918,NP_010364.1,NP_594096.1,0.776
1919,NP_011074.3,NP_593137.1,0.694
1920,NP_011892.1,NP_596381.1,0.426
1921,NP_001257677.1,NP_595997.1,0.846
1922,NP_011351.1,NP_592922.1,0.672
1923,NP_014927.3,NP_593266.1,0.996
1924,NP_014685.1,NP_595784.1,1.13
1925,NP_013205.1,NP_595322.1,1.16
1926,NP_011634.1,NP_593058.1,0.62
1927,NP_011541.1,NP_594485.1,0.644
1928,NP_012121.2,NP_593076.1,0.732
1929,NP_010124.1,NP_001343168.1,0.872
1930,NP_014871.3,NP_595065.1,1.096
1931,NP_012998.1,NP_001342825.1,1.005
1932,NP_014801.1,NP_001342987.1,1.054
1933,NP_013782.1,NP_595973.1,0.686
1934,NP_015071.1,NP_592967.1,0.89
1935,NP_009654.3,NP_593892.2,0.933
1936,NP_001288277.1,NP_588022.2,1.198
1937,NP_116688.3,NP_001342801.1NP_595244.1NP_595709.1,0.258
1938,NP_013610.1,NP_594996.1,0.756
1939,NP_012169.1,NP_595831.1,0.972
1940,NP_010568.3,NP_592883.4,0.751
1941,NP_878055.3,NP_001343113.1,1.223
1942,NP_009732.1,NP_595754.1,0.841
1943,NP_010919.1,NP_588270.1,0.752
1944,NP_009855.1,NP_593513.1,0.793
1945,NP_001381962.1,NP_593416.1,1.384
1946,NP_013833.1,NP_594622.1,0.723
1947,NP_012192.2,NP_594622.1,0.728
1948,NP_010727.1,NP_595224.1,0.8
1949,NP_014713.1,NP_587829.1,0.7
1950,NP_011347.1,NP_596490.1,0.902
1951,NP_013145.1,NP_594083.1,0.232
1952,NP_013192.1,NP_587848.1,0.742
1953,NP_014802.3,NP_596373.1,0.67
1954,NP_013369.1,NP_593746.1,1.108
1955,NP_010725.3,NP_593243.2,1.015
1956,NP_014655.1,NP_593274.1,1.015
1957,NP_878134.3,NP_587998.1,1.118
1958,NP_010508.1,NP_595984.1,0.752
1959,NP_012695.3,NP_593571.1,1.344
1960,NP_015076.1,NP_595321.1,0.442
1961,NP_012708.1,NP_595161.1,0.761
1962,NP_012113.1,NP_594712.1,0.571
1963,NP_009544.1,NP_588075.1,0.836
1964,NP_010683.3,NP_593739.2,0.383
1965,NP_012297.3,NP_596103.2,0.638
1966,NP_011107.1,NP_595790.1,0.823
1967,NP_009622.1,NP_593771.1,1.095
1968,NP_012114.1,NP_593010.1,1.162
1969,NP_014394.2,NP_595396.1,0.916
1970,NP_010965.1,NP_593044.2,1.368
1971,NP_011022.1,NP_596825.2,0.623
1972,NP_009439.1,NP_596121.3,0.924
1973,NP_011637.3,NP_001342750.2,0.859
1974,NP_013775.2,NP_595741.1,0.807
1975,NP_014216.1,NP_588539.1,0.698
1976,NP_011791.4,NP_595754.1,0.871
1977,NP_011317.2,NP_592960.1,0.726
1978,NP_014396.3,NP_593454.1,0.992
1979,NP_015258.1,NP_588388.1,1.113
1980,NP_011487.3,NP_592836.1,0.872
1981,NP_011111.1,NP_001018765.1,0.624
1982,NP_010795.3,NP_596023.1,0.732
1983,NP_014936.1,NP_594018.1,0.843
1984,NP_009690.1,NP_588250.1,0.425
1985,NP_010667.1,NP_594871.1,0.702
1986,NP_015484.1,NP_596727.2,0.745
1987,NP_015505.1,NP_588210.1,0.79
1988,NP_009891.1,NP_596339.1,0.913
1989,NP_009840.3,NP_592852.1,0.708
1990,NP_011550.3,NP_593838.1,0.699
1991,NP_011689.1,NP_593350.1,0.246
1992,NP_011287.1,NP_595926.1,1.151
1993,NP_014541.1,NP_001342923.1,0.732
1994,NP_012844.1,NP_596620.1,0.686
1995,NP_009845.2,NP_001342844.1,0.674
1996,NP_009900.2,NP_594681.1,0.629
1997,NP_009628.1,NP_596091.1,1.156
1998,NP_009639.3,NP_592911.1,0.95
1999,NP_011859.1,NP_593699.1,0.906
2000,NP_013685.1,NP_596782.1,0.854
2001,NP_009767.1,NP_593296.1,0.621
2002,NP_012469.3,NP_595266.2,1.447
2003,NP_015522.1,NP_593509.1,0.515
