,Query,Top Match,Score
0,NP_014474.3,NP_593085.1,0.84
1,NP_009416.1,NP_001417954.1,0.48
2,NP_012944.3,NP_593127.1,8e-21
3,NP_015371.1,NP_596137.1,0.76
4,NP_011986.1,NP_596735.1,0.17
5,NP_009727.3,NP_588101.1,0.001
6,NP_009817.3,NP_001018248.2,0.03
7,NP_058141.1,NP_596090.2,0.83
8,NP_011049.2,NP_595380.1,2e-123
9,NP_012719.2,NP_595359.2,0
10,NP_014595.2,NP_593062.1,0.002
11,NP_010147.1,NP_595940.1,8e-146
12,NP_012723.3,NP_588539.1,2e-30
13,NP_001335781.1,NP_593736.1,0.2
14,NP_011354.3,NP_592960.1,3e-06
15,NP_011817.1,NP_594283.1,0.88
16,NP_013164.1,NP_596701.1,0.44
17,NP_011518.1,NP_593044.2,0.027
18,NP_012042.1,NP_596044.1,2e-19
19,NP_009796.1,NP_587856.1,3e-124
20,NP_014958.3,NP_592949.1,0.69
21,NP_015418.2,NP_596004.1,3e-05
22,NP_010986.1,NP_596391.1,0.58
23,NP_010800.3,NP_592971.1,0.0001
24,NP_009643.2,NP_001342989.1,1e-25
25,NP_012398.1,NP_588568.1,0.021
26,NP_011573.3,NP_001342848.1,6e-66
27,NP_013020.3,NP_594398.1,5e-70
28,NP_001335819.1,NP_595971.1,0.88
29,NP_013447.1,NP_594765.1,4e-99
30,NP_011954.1,NP_596601.2,1e-57
31,NP_013937.1,NP_588095.1,0.15
32,NP_015180.1,NP_001342777.1,5e-86
33,NP_001335784.1,NP_588440.1,0.83
34,NP_878063.3,NP_593092.1,0.24
35,NP_014880.3,NP_001342777.1,2e-80
36,NP_015379.1,NP_595289.1,2e-78
37,NP_012601.1,NP_594515.2,7e-07
38,NP_010381.1,NP_595639.1,2e-16
39,NP_012154.1,NP_592981.1,1e-12
40,NP_014257.1,NP_588424.1,1e-130
41,NP_010778.3,NP_588442.1,3e-90
42,NP_010150.1,NP_594259.1,2e-120
43,NP_009654.3,NP_594878.1,0.015
44,NP_015171.1,NP_001342952.1,1e-13
45,NP_011295.1,NP_594282.2,3e-15
46,NP_010021.1,NP_001417931.1,0.008
47,NP_014895.2,NP_592871.1,0.64
48,NP_011997.1,NP_595618.1,4e-102
49,NP_011689.1,NP_595225.2,2e-123
50,NP_015298.1,NP_596431.1,0.2
51,NP_015320.1,NP_595476.1,0.2
52,NP_009707.3,NP_594888.1,5e-46
53,NP_001257673.1,NP_593370.1,0.22
54,NP_012893.3,NP_593314.1,9e-06
55,NP_013755.1,NP_596688.1,1e-06
56,NP_010230.1,NP_594402.1,0.93
57,NP_009316.1,YP_011104932.1,1e-92
58,NP_010821.3,NP_001343072.1,0.16
59,NP_014994.3,NP_596393.2,6e-06
60,NP_009625.1,NP_595008.3,4e-117
61,NP_009411.2,NP_596340.1,4e-56
62,NP_014718.1,NP_001342822.1,0.011
63,NP_013723.1,NP_594596.1,0.005
64,NP_011794.3,NP_596256.5,1e-65
65,NP_013096.1,NP_592939.1,4e-47
66,NP_013328.1,NP_001342921.1,0.79
67,NP_013332.1,NP_595091.1,0.0001
68,NP_014987.1,NP_593002.1,0.37
69,NP_011746.3,NP_593947.1,0.002
70,NP_058194.1,NP_596090.2,0.95
71,NP_010265.1,NP_595710.1,5e-130
72,NP_014163.1,NP_594128.1,0.3
73,NP_011795.1,NP_594455.1,8e-12
74,NP_014447.3,NP_001342823.1,0.36
75,NP_014664.1,NP_001342760.1,0.33
76,NP_012252.1,NP_587932.3,0
77,NP_010467.1,NP_593554.2,0.078
78,NP_013141.1,NP_001018849.1,0.055
79,NP_009786.1,NP_594690.1,3e-05
80,NP_015038.1,NP_595903.1,9e-161
81,NP_058151.1,NP_596090.2,0.93
82,NP_013734.1,NP_588223.1,4e-11
83,NP_015225.1,NP_594055.1,9e-17
84,NP_014202.1,NP_587917.1,2e-32
85,NP_010941.1,NP_596083.1,0.44
86,NP_014349.1,NP_594731.1,0
87,NP_012263.1,NP_592852.1,2e-87
88,NP_012616.1,NP_596095.1,0.91
89,NP_009603.1,NP_594835.1,0.97
90,NP_014097.1,NP_595221.1,1e-49
91,NP_011263.2,NP_593346.1,1e-78
92,NP_878055.3,NP_594016.2,0.74
93,NP_014036.1,NP_594032.1,0
94,NP_013833.1,NP_592926.1,0.84
95,NP_010360.1,NP_588420.1,1e-112
96,NP_013834.1,NP_593770.1,2e-96
97,NP_011838.1,NP_001342882.1,0.68
98,NP_009831.3,NP_593669.1,0.12
99,NP_014266.3,NP_592891.1,0.2
100,NP_014043.1,NP_001342725.1,0.12
101,NP_009948.1,NP_588340.1,0.02
102,NP_014510.1,NP_593926.1,0.62
103,NP_012959.1,NP_588278.2,1e-16
104,NP_015123.1,NP_596090.2,0.19
105,NP_015121.1,NP_595159.1,4e-126
106,NP_011856.1,NP_596626.1,4e-114
107,NP_011055.3,NP_588360.1,7e-83
108,NP_010911.3,NP_588284.1,0.3
109,NP_011869.1,NP_593142.1,3e-19
110,NP_116709.3,NP_588336.1,9e-52
111,NP_012105.1,NP_594870.1,0.15
112,NP_012387.1,NP_001342747.1,0.53
113,NP_009926.1,NP_587936.1,0.002
114,NP_001257687.1,NP_593107.1,0.55
115,NP_011581.4,NP_596183.1,1e-13
116,NP_011281.1,NP_587884.2,1e-14
117,NP_014150.1,NP_594466.2,0.77
118,NP_011879.1,NP_593377.1,3e-31
119,NP_116697.3,NP_587871.1,0.2
120,NP_010366.1,NP_594583.1,3e-16
121,NP_009972.1,NP_594124.1,0.46
122,NP_010836.1,NP_594047.1,0.45
123,NP_012079.1,NP_594470.1,9e-08
124,NP_011084.1,NP_596819.1,7e-50
125,NP_010636.1,NP_001342952.1,0.93
126,NP_012848.1,NP_594766.1,0.022
127,NP_011471.1,NP_593884.1,6e-22
128,NP_010137.2,NP_588277.1,0.17
129,NP_012316.1,NP_587739.1,7e-116
130,NP_014907.3,NP_588341.1,0.28
131,NP_013441.1,NP_001342958.1,5e-07
132,NP_010087.1,NP_587740.1,3e-80
133,NP_014822.1,NP_594263.2,7e-08
134,NP_015350.1,NP_595776.1,6e-38
135,NP_011008.3,NP_595335.1,0.86
136,NP_012796.1,NP_588010.1,6e-149
137,NP_012615.3,NP_593902.1,0.011
138,NP_012113.1,NP_594747.1,3e-58
139,NP_010662.3,NP_587783.2,4e-06
140,NP_011322.1,NP_596322.1,0.034
141,NP_011851.1,NP_588132.1,2e-81
142,NP_013740.1,NP_592854.2,1e-80
143,NP_116632.1,NP_588278.2,3e-21
144,NP_012272.3,NP_001417945.1,0.45
145,NP_009346.1,NP_587747.1,0.81
146,NP_013294.1,NP_594949.1,6e-31
147,NP_015485.1,NP_593801.1,3e-149
148,NP_013327.1,NP_594036.1,0.63
149,NP_014578.1,NP_595537.2,0.0007
150,NP_010144.1,NP_596118.1,1e-86
151,NP_009544.1,NP_593176.1,4e-10
152,NP_001297596.1,NP_596009.1,0.43
153,NP_009650.1,NP_001417933.1,2e-38
154,NP_013649.1,NP_001342921.1,0.59
155,NP_012382.2,NP_588344.1,0.63
156,NP_015124.1,NP_594115.1,0.66
157,NP_013450.1,NP_593102.1,0.57
158,NP_010339.1,NP_596465.1,3e-34
159,NP_010845.1,NP_587739.1,2e-105
160,NP_013040.1,NP_588298.1,2e-08
161,NP_001335818.1,NP_596376.1,0.31
162,NP_012794.1,NP_001343043.1,0.13
163,NP_011040.1,NP_594168.2,0.022
164,NP_009438.1,NP_593348.2,0.005
165,NP_009558.2,NP_001342795.1,1e-26
166,NP_013457.1,NP_593757.1,0.02
167,NP_013711.1,NP_594627.3,0.84
168,NP_013062.1,NP_001417976.1,3e-14
169,NP_011531.1,NP_595483.1,8e-06
170,NP_010728.1,NP_596132.1,0.36
171,NP_014095.2,NP_593249.1,1e-14
172,NP_011399.1,NP_593161.1,2e-98
173,NP_013358.1,NP_588411.2,0.43
174,NP_012390.1,NP_593003.1,2e-06
175,NP_010156.2,NP_001342984.1,0.0003
176,NP_013445.1,NP_594277.1,0.31
177,NP_011477.1,NP_594852.1,7e-38
178,NP_011657.1,NP_001342744.1,0.34
179,NP_011541.1,NP_595515.1,8e-24
180,NP_012907.3,NP_595730.1,7e-49
181,NP_012538.3,NP_596435.1,1e-79
182,NP_010071.1,NP_593989.1,1e-78
183,NP_014182.1,NP_593740.1,6e-05
184,NP_010235.1,NP_594109.1,4e-05
185,NP_010592.1,NP_593895.1,3e-51
186,NP_015049.1,NP_594316.1,5e-108
187,NP_015477.1,NP_594711.1,0.085
188,NP_014652.1,NP_595277.1,8e-10
189,NP_009854.2,NP_595829.1,2e-72
190,NP_011006.2,NP_587732.1,8e-05
191,NP_012934.1,NP_595006.1,5e-16
192,NP_012576.1,NP_595893.1,2e-13
193,NP_010404.1,NP_593512.1,0.0003
194,NP_009548.1,NP_596765.1,7e-08
195,NP_009600.2,NP_592894.1,2e-11
196,NP_013985.1,NP_596131.1,0.41
197,NP_009830.3,NP_588157.1,3e-24
198,NP_010952.3,NP_596064.1,0.15
199,NP_076899.1,NP_593398.1,0.12
200,NP_015255.1,NP_593689.1,0.042
201,NP_014456.1,NP_595118.1,2e-25
202,NP_878079.1,NP_594152.2,0.82
203,NP_011598.3,NP_588284.1,0.75
204,NP_013290.1,NP_596371.1,6e-05
205,NP_013667.1,NP_596426.1,1e-34
206,NP_013145.1,NP_001342796.1,8e-159
207,NP_014671.1,NP_593662.1,1e-05
208,NP_009327.1,YP_011104929.1,2e-15
209,NP_015178.1,NP_594558.1,2e-07
210,NP_012663.2,NP_001342864.1,5e-15
211,NP_009732.1,NP_587944.1,4e-16
212,NP_009907.2,NP_593307.1,1e-72
213,NP_014989.3,NP_595694.1,3e-09
214,NP_010661.3,NP_592879.1,2e-69
215,NP_010177.1,NP_593776.1,4e-07
216,NP_010994.3,NP_596560.1,0.5
217,NP_013480.1,NP_594946.1,0.32
218,NP_013619.1,NP_593775.1,0.57
219,NP_010954.1,NP_592842.1,4e-40
220,NP_014223.2,NP_001342727.1,0.002
221,NP_878106.1,NP_596048.2,0.1
222,NP_014836.3,NP_593313.1,0.62
223,NP_009929.1,NP_596627.1,9e-08
224,NP_010398.3,NP_596452.1,0.069
225,NP_010866.1,NP_593424.1,0.002
226,NP_011389.3,NP_596796.1,5e-07
227,NP_013759.1,NP_587982.1,0.51
228,NP_219495.2,NP_596852.1,0.69
229,NP_013252.1,NP_001342823.1,1e-05
230,NP_001335770.1,NP_588101.1,0.92
231,NP_010602.3,NP_596661.1,7e-38
232,NP_058156.1,NP_596090.2,0.93
233,NP_010999.3,NP_593738.2,0.028
234,NP_014506.1,NP_596734.1,3e-15
235,NP_001418067.1,NP_594906.2,0.033
236,NP_014160.2,NP_594092.1,0.88
237,NP_013023.3,NP_595055.1,0.28
238,NP_014964.1,NP_594001.2,1e-31
239,NP_012624.1,NP_596709.1,2e-77
240,NP_015520.1,NP_595653.1,9e-116
241,NP_012628.3,NP_595634.1,4e-28
242,NP_015233.1,NP_595050.1,1e-41
243,NP_014168.1,NP_588127.1,2e-83
244,NP_013835.1,NP_596128.1,4e-07
245,NP_014146.1,NP_592884.1,1e-06
246,NP_001335760.1,NP_587784.1,0.15
247,NP_013545.3,NP_592834.1,0.25
248,NP_013525.3,NP_588003.1,2e-05
249,NP_015096.1,NP_593872.1,2e-17
250,NP_011914.1,NP_587752.1,1e-68
251,NP_015258.1,NP_001342924.1,0.099
252,NP_009537.1,NP_594009.1,2e-115
253,NP_010031.1,NP_588520.1,5e-07
254,NP_009624.4,NP_595008.3,1e-118
255,NP_014197.2,NP_595006.1,2e-24
256,NP_013255.1,NP_596123.1,0.54
257,NP_014600.1,NP_587901.1,3e-28
258,NP_015490.1,NP_593745.1,0.69
259,NP_009584.1,NP_587830.1,7e-84
260,NP_012287.3,NP_588285.1,0.07
261,NP_010430.1,NP_594109.1,5e-24
262,NP_009615.1,NP_596081.1,3e-73
263,NP_009361.1,NP_596655.1,7e-38
264,NP_010812.3,NP_595897.1,6e-25
265,NP_012248.1,NP_592946.2,0.54
266,NP_012049.1,NP_592823.1,9e-64
267,NP_010716.3,NP_593817.1,0.006
268,NP_011868.1,NP_595960.1,2e-49
269,NP_011371.1,NP_001342847.1,1e-55
270,NP_009809.1,NP_594331.1,0.053
271,NP_012689.1,NP_592785.1,5e-23
272,NP_010757.3,NP_588390.1,1e-07
273,NP_009618.2,NP_596213.1,9e-06
274,NP_013869.1,NP_001018264.1,0.9
275,NP_014651.1,NP_594756.1,0.94
276,NP_010499.1,NP_596242.3,5e-08
277,NP_116585.1,NP_594956.1,2e-85
278,NP_015396.1,NP_588249.1,0.57
279,NP_009629.6,NP_594290.1,2e-114
280,NP_011955.1,NP_596599.1,1e-10
281,NP_014513.1,NP_595564.1,8e-60
282,NP_011076.1,NP_594183.2,0.97
283,NP_015474.1,NP_593220.2,2e-07
284,NP_012375.2,NP_594651.2,0.26
285,NP_011043.1,NP_594921.1,0.0002
286,NP_014716.1,NP_595378.1,0.005
287,NP_444296.1,NP_595501.1,9e-18
288,NP_012668.3,NP_596036.1,3e-06
289,NP_010374.1,NP_596110.3,0.52
290,NP_010320.3,NP_592942.1,1e-122
291,NP_010038.1,NP_592785.1,4e-29
292,NP_010171.1,NP_596131.1,0.17
293,NP_076906.1,NP_587711.1,1
294,NP_012430.1,NP_594837.1,4e-11
295,NP_012406.1,NP_593934.1,3e-115
296,NP_014997.1,NP_001342921.1,0.077
297,NP_013250.1,NP_587835.1,2e-08
298,NP_012335.1,NP_596189.3,0
299,NP_012869.1,NP_595234.1,1e-08
300,NP_009823.2,NP_001342856.1,5e-32
301,NP_014342.3,NP_595585.2,3e-17
302,NP_013994.1,NP_593636.1,3e-74
303,NP_001257675.1,NP_588291.2,0.25
304,NP_011970.1,NP_596023.1,5e-85
305,NP_010559.3,NP_595784.1,1e-06
306,NP_011540.3,NP_593069.1,0.5
307,NP_001257686.1,NP_595623.2,0.19
308,NP_014655.1,NP_588100.1,0.42
309,NP_010811.1,NP_594517.1,5e-67
310,NP_011351.1,NP_588224.1,6e-50
311,NP_010127.1,NP_001342761.1,7e-39
312,NP_011876.1,NP_594307.1,2e-30
313,NP_012016.1,NP_588485.1,2e-08
314,NP_012545.1,NP_593338.1,0.8
315,NP_012160.2,NP_595191.1,4e-53
316,NP_001335804.1,NP_595648.1,0.32
317,NP_014705.1,NP_592969.1,9e-05
318,NP_012124.1,NP_593017.1,0
319,NP_013958.1,NP_593839.1,2e-29
320,NP_013188.1,NP_588160.1,0.98
321,NP_009867.1,NP_594704.2,0.55
322,NP_011317.2,NP_593881.1,5e-07
323,NP_012093.1,NP_594283.1,0.78
324,NP_012600.1,NP_595359.2,0
325,NP_012054.1,NP_588316.1,0.91
326,NP_014479.1,NP_593504.1,4e-15
327,NP_012005.1,NP_588566.1,3e-53
328,NP_011554.3,NP_594009.1,1e-120
329,NP_011819.1,NP_593890.1,0.66
330,NP_012394.1,NP_593830.1,5e-141
331,NP_015207.1,NP_594447.2,0.003
332,NP_013674.1,NP_594827.2,2e-24
333,NP_011401.1,NP_595653.1,0.009
334,NP_012101.1,NP_595500.1,0.52
335,NP_013099.1,NP_596749.1,1e-16
336,NP_009410.1,NP_593305.1,1e-64
337,NP_015160.1,NP_596514.1,1e-07
338,NP_015392.1,NP_596675.1,2e-14
339,NP_015482.1,NP_595458.1,6e-118
340,NP_009689.3,NP_588375.1,0.74
341,NP_012408.1,NP_594501.1,9e-22
342,NP_014071.1,NP_593445.1,5e-14
343,NP_011449.1,NP_588447.1,2e-26
344,NP_009700.1,NP_596107.1,3e-116
345,NP_012330.1,NP_001343064.1,7e-07
346,NP_014626.1,NP_593464.1,5e-69
347,NP_009698.3,NP_001342789.1,2e-13
348,NP_013535.1,NP_595949.1,0.73
349,NP_011558.1,NP_594670.1,0.008
350,NP_013046.2,NP_596766.1,4e-06
351,NP_878179.1,NP_001343120.1,0.017
352,NP_001335798.1,NP_596576.1,0.92
353,NP_013430.1,NP_588406.1,0.51
354,NP_015154.1,NP_592823.1,6e-66
355,NP_011434.1,NP_593372.1,0.37
356,NP_013556.3,NP_593664.2,6e-05
357,NP_015217.1,NP_595506.1,0.21
358,NP_013907.1,NP_593553.1,3e-11
359,NP_010345.3,NP_594752.1,2e-145
360,NP_013282.1,NP_593652.2,0.013
361,NP_058192.1,NP_596090.2,0.74
362,NP_012986.1,NP_001342898.1,1e-12
363,NP_011483.3,NP_596576.1,0.16
364,NP_014753.1,NP_588471.1,0.028
365,NP_001335785.1,NP_595177.1,0.14
366,NP_076437.1,NP_595673.1,0.18
367,NP_010188.1,NP_593237.1,1e-121
368,NP_015034.3,NP_001342957.1,0.14
369,NP_116689.1,NP_593377.1,3e-07
370,NP_011643.1,NP_588463.1,0.093
371,NP_011582.1,NP_592924.1,2e-27
372,NP_009651.3,NP_001417933.1,4e-35
373,NP_010124.1,NP_594463.1,0.3
374,NP_012853.1,NP_594599.1,0.38
375,NP_013878.1,NP_588011.1,0.75
376,NP_010327.3,NP_593434.1,0.48
377,NP_015029.1,NP_595271.1,5e-18
378,NP_014874.1,NP_596795.1,4e-83
379,NP_009388.2,NP_595100.2,0.01
380,NP_014871.3,NP_596017.1,0.36
381,NP_009461.2,NP_001342726.1,3e-13
382,NP_014394.2,NP_594207.3,1e-35
383,NP_009459.1,NP_588304.1,4e-05
384,NP_011451.1,NP_588332.1,4e-23
385,NP_015076.1,NP_593605.1,5e-11
386,NP_058178.1,NP_587982.1,0.44
387,NP_012669.1,NP_594802.1,0.86
388,NP_014773.4,NP_593701.2,7e-39
389,NP_001268465.1,NP_587982.1,0.46
390,NP_014622.1,NP_594316.1,1e-120
391,NP_014902.3,NP_587809.2,2e-173
392,NP_014552.1,NP_595318.2,8e-10
393,NP_013072.1,NP_588568.1,1e-115
394,NP_013131.1,NP_595984.1,0.51
395,NP_013419.1,NP_593545.1,0.4
396,NP_010654.3,NP_594759.1,0.54
397,NP_010808.3,NP_594471.1,1e-07
398,NP_012275.3,NP_595459.1,0.002
399,NP_009510.1,NP_588501.1,0.034
400,NP_015478.1,NP_594966.1,0.003
401,NP_010772.1,NP_596131.1,9e-27
402,NP_009813.1,NP_595722.1,2e-28
403,NP_011086.3,NP_593726.1,9e-17
404,NP_012110.1,NP_001342719.1,2e-22
405,NP_013757.1,NP_594931.1,3e-19
406,NP_010089.1,NP_596118.1,1e-85
407,NP_011950.1,NP_595795.1,2e-42
408,NP_013936.1,NP_596290.1,9e-12
409,NP_001381967.1,NP_596305.2,0.78
410,NP_010725.3,NP_593243.2,0.005
411,NP_010005.1,NP_593793.1,0.13
412,NP_058136.1,NP_595357.1,0.36
413,NP_012293.3,NP_594571.1,1e-05
414,NP_010484.1,NP_588349.1,4e-14
415,NP_010837.1,NP_593437.2,0.69
416,NP_009414.1,NP_593265.1,0.12
417,NP_011087.3,NP_587982.1,0.96
418,NP_011624.1,NP_594409.1,4e-117
419,NP_011700.1,NP_596158.2,3e-55
420,NP_010611.3,NP_596540.1,7e-136
421,NP_013283.1,NP_596132.1,1e-48
422,NP_015105.1,NP_596374.1,2e-05
423,NP_013644.1,NP_596065.1,1e-37
424,NP_012784.1,NP_587998.1,4e-16
425,NP_010444.1,NP_595009.1,2e-55
426,NP_001032575.1,NP_595241.1,0.7
427,NP_013901.1,NP_593492.1,2e-16
428,NP_015286.1,NP_593162.1,0.71
429,NP_013024.1,NP_001342719.1,7e-23
430,NP_012755.1,NP_595159.1,1e-118
431,NP_116677.3,NP_592924.1,4e-55
432,NP_013903.1,NP_595335.1,0.69
433,NP_012023.1,NP_595395.1,0.099
434,NP_012694.1,NP_595064.1,2e-24
435,NP_013625.1,NP_596774.1,0
436,NP_012496.1,NP_596011.1,0.29
437,NP_010142.2,NP_593516.1,0.12
438,NP_010905.1,NP_001342914.1,5e-05
439,NP_010416.1,NP_592858.2,0.85
440,NP_010889.1,NP_593254.1,0.47
441,NP_010174.1,NP_001342847.1,2e-50
442,NP_010112.1,NP_588501.1,0.04
443,NP_014719.1,NP_001342767.1,1e-16
444,NP_009767.1,NP_595900.1,1e-76
445,NP_012465.3,NP_595153.2,1e-56
446,NP_012100.1,NP_594995.1,1e-33
447,NP_012343.1,NP_596729.1,0.93
448,NP_012747.1,NP_595924.1,1e-29
449,NP_012291.1,NP_595636.1,0.89
450,NP_013583.1,NP_596846.2,1e-92
451,NP_001032582.1,NP_593323.1,0.79
452,NP_012708.1,NP_596771.1,0.0005
453,NP_011637.3,NP_595587.1,0.34
454,NP_011977.1,NP_593610.1,0.025
455,NP_013016.4,NP_596112.1,1e-05
456,NP_010051.1,NP_594885.1,6e-38
457,NP_010517.1,NP_001343168.1,1e-05
458,NP_009363.1,NP_001342957.1,0.37
459,NP_009634.2,NP_001342757.1,7e-44
460,NP_012283.1,NP_593662.1,0.0001
461,NP_009653.2,NP_595184.2,0.001
462,NP_001288277.1,NP_595359.2,0.18
463,NP_015347.1,NP_594996.1,9e-29
464,NP_012887.1,NP_594715.1,0.84
465,NP_015242.1,NP_587697.1,1e-27
466,NP_012032.1,NP_592846.1,2e-22
467,NP_001418069.1,NP_593790.1,0.32
468,NP_058165.3,NP_587982.1,0.44
469,NP_010561.1,NP_595655.1,0.62
470,NP_009922.2,NP_595927.1,0.71
471,NP_010456.1,NP_596091.1,3e-09
472,NP_011470.4,NP_593955.1,0.94
473,NP_012344.1,NP_595737.1,2e-44
474,NP_001335772.1,NP_594356.1,0.4
475,NP_011556.1,NP_587772.3,6e-05
476,NP_009839.4,NP_595769.1,2e-10
477,NP_013486.3,NP_593069.1,0
478,NP_013812.1,NP_596705.1,0.064
479,NP_011080.1,NP_588518.1,0.12
480,NP_013853.1,NP_594059.1,0.45
481,NP_010988.1,NP_594956.1,1e-25
482,NP_014772.1,NP_596321.2,0.005
483,NP_012240.3,NP_587958.1,0.92
484,NP_013489.1,NP_588113.1,0.08
485,NP_011878.1,NP_596380.1,0.03
486,NP_014408.1,NP_595686.2,0
487,NP_011519.3,NP_595082.1,8e-33
488,NP_014212.1,NP_587950.1,0.001
489,NP_013825.1,NP_593654.1,0.38
490,NP_009619.1,NP_587701.1,0.86
491,NP_011834.1,NP_593432.1,0.54
492,NP_001091638.1,NP_001343188.1,0.07
493,NP_010703.1,NP_588494.1,0.002
494,NP_012954.3,NP_594837.1,2e-34
495,NP_013114.1,NP_595321.1,9e-19
496,NP_001335742.1,NP_595274.1,0.56
497,NP_011842.1,NP_595345.1,0.39
498,NP_011584.2,NP_588116.1,4e-130
499,NP_014743.1,NP_593701.2,2e-34
500,NP_001254791.1,NP_594798.2,0.66
501,NP_012403.1,NP_001342704.2,0.21
502,NP_012052.1,NP_592988.2,0.02
503,NP_001073292.1,NP_592864.1,0.5
504,NP_012102.1,NP_588519.1,4e-08
505,NP_012395.1,NP_595415.1,3e-14
506,NP_013909.1,NP_587711.1,0.78
507,NP_013036.1,NP_593085.1,0.84
508,NP_013780.1,NP_001018187.2,0.092
509,NP_010113.1,NP_588247.1,6e-149
510,NP_010947.2,NP_593688.1,0.12
511,NP_010093.1,NP_595940.1,8e-145
512,NP_014277.1,NP_001343150.1,0.002
513,NP_014686.1,NP_596190.1,3e-15
514,NP_012881.1,NP_595496.1,3e-08
515,NP_012679.3,NP_594174.1,5e-119
516,NP_010033.1,NP_593023.1,0.63
517,NP_014724.1,NP_593197.1,1e-83
518,NP_011870.1,NP_593288.1,0.003
519,NP_012470.1,NP_001343092.1,0.012
520,NP_009919.3,NP_001018287.1,0.0002
521,NP_009716.1,NP_596079.1,0.001
522,NP_012681.1,NP_594284.1,4e-11
523,NP_015204.1,NP_587700.1,0.18
524,NP_001381962.1,NP_595971.1,0.52
525,NP_012136.1,NP_596765.1,6e-40
526,NP_010819.1,NP_596803.1,0.49
527,NP_014478.1,NP_587771.1,0.44
528,NP_012859.1,NP_001342869.1,1e-79
529,NP_010331.3,NP_595008.3,7e-118
530,NP_009770.3,NP_594711.1,0.28
531,NP_014051.3,NP_588244.1,1e-18
532,NP_012724.1,NP_587770.1,6e-95
533,NP_013744.1,NP_587987.1,0.0003
534,NP_014105.1,NP_593043.1,0.3
535,NP_014380.3,NP_592974.1,0.58
536,NP_010447.3,NP_595407.1,4e-05
537,NP_010773.4,NP_595388.1,0.052
538,NP_011022.1,NP_588282.1,8e-17
539,NP_009804.1,NP_593660.1,5e-130
540,NP_014191.2,NP_001417976.1,0.092
541,NP_001032574.1,NP_001018773.1,0.92
542,NP_014351.3,NP_594631.1,4e-23
543,NP_012835.1,NP_594305.1,8e-50
544,NP_014184.1,NP_593760.1,2e-11
545,NP_011684.1,NP_594129.1,0.83
546,NP_001335825.1,NP_587892.2,0.71
547,NP_013788.1,NP_595875.1,1e-05
548,NP_015043.1,NP_587678.1,6e-48
549,NP_013232.1,NP_594109.1,3e-26
550,NP_015354.1,NP_588559.2,2e-98
551,NP_015488.1,NP_595825.1,1e-30
552,NP_013829.1,NP_594227.1,0.27
553,NP_014288.3,NP_596061.1,1e-19
554,NP_116641.1,NP_594646.1,0.22
555,NP_012462.3,NP_596697.3,8e-13
556,NP_013452.1,NP_595541.1,1e-19
557,NP_009879.2,NP_593860.1,0.98
558,NP_014832.1,NP_596714.1,0.51
559,NP_013540.1,NP_593417.1,7e-07
560,NP_010588.1,NP_588314.2,2e-09
561,NP_011069.1,NP_593991.1,4e-11
562,NP_010827.3,NP_593262.2,0.16
563,NP_010056.1,NP_001342704.2,4e-54
564,NP_011103.1,NP_593080.1,6e-62
565,NP_009843.3,NP_595153.2,3e-66
566,NP_015013.1,NP_594809.1,8e-10
567,NP_009597.2,NP_001342732.1,5e-19
568,NP_014319.1,NP_001018223.3,4e-09
569,NP_010001.1,NP_588309.1,0.67
570,NP_012821.2,NP_593307.1,1e-79
571,NP_012815.1,NP_593786.2,2e-06
572,NP_011831.1,NP_594853.1,0.21
573,NP_009797.1,NP_593708.1,0.077
574,NP_012733.1,NP_001018819.2,2e-05
575,NP_012581.3,NP_594457.1,1e-66
576,NP_010204.1,NP_593134.1,1e-98
577,NP_015505.1,NP_587840.1,0.14
578,NP_014951.4,NP_594985.1,0.52
579,NP_011339.1,NP_592888.1,0.0008
580,NP_116668.1,NP_587938.1,0.53
581,NP_009772.1,NP_594959.1,3e-22
582,NP_010471.1,NP_595338.1,3e-32
583,NP_011626.1,NP_595329.1,0.055
584,NP_015410.2,NP_595759.2,0.033
585,NP_009578.1,NP_594765.1,0.57
586,NP_011791.4,NP_001342781.1,0.003
587,NP_014938.3,NP_588345.1,5e-22
588,NP_014756.3,NP_594670.1,4e-18
589,NP_010637.4,NP_595360.1,0.88
590,NP_012623.1,NP_596079.1,8e-45
591,NP_010511.3,NP_588180.1,6e-58
592,NP_012761.1,NP_595289.1,3e-102
593,NP_010282.3,NP_595672.1,8e-09
594,NP_878093.1,NP_595486.1,0.053
595,NP_009601.2,NP_587991.1,0.32
596,NP_010388.1,NP_593372.1,0.082
597,NP_015212.1,NP_593968.1,2e-15
598,NP_001335793.1,NP_588434.1,0.92
599,NP_014967.3,NP_594331.1,8e-20
600,NP_012692.3,NP_587739.1,2e-104
601,NP_014983.1,NP_587806.1,2e-31
602,NP_014598.1,NP_593102.1,0.71
603,NP_076909.1,NP_595304.1,0.98
604,NP_116637.1,NP_594215.1,1e-20
605,NP_014210.1,NP_596632.1,8e-176
606,NP_011569.1,NP_588377.1,7e-10
607,NP_014505.1,NP_001018229.2,1e-17
608,NP_014614.1,NP_593662.1,0.006
609,NP_010540.3,NP_001343025.1,4e-15
610,NP_013388.1,NP_594130.1,6e-47
611,NP_012377.1,NP_001342947.1,0.18
612,NP_058162.3,NP_001342940.1,0.15
613,NP_013425.1,NP_588001.1,7e-32
614,NP_116682.3,NP_587884.2,0.69
615,NP_010303.3,NP_001342737.1,1e-07
616,NP_010776.1,NP_001342791.1,0.015
617,NP_014166.1,NP_593109.1,0.57
618,NP_012073.1,NP_594174.1,5e-119
619,NP_011454.1,NP_596206.1,0.14
620,NP_010679.3,NP_588100.1,3e-05
621,NP_012563.1,NP_596090.2,0.61
622,NP_012900.1,NP_596134.1,3e-39
623,NP_014393.1,NP_596173.1,1e-25
624,NP_013610.1,NP_596242.3,9e-08
625,NP_010000.1,NP_594847.1,0.49
626,NP_014489.2,NP_595271.1,1e-11
627,NP_014063.1,NP_594338.1,0.071
628,NP_015351.1,NP_588003.1,0.99
629,NP_010616.3,NP_594868.2,0.12
630,NP_010009.1,NP_001018298.2,0.11
631,NP_010357.3,NP_592999.1,2e-20
632,NP_013015.1,NP_593197.1,5e-96
633,NP_012003.1,NP_595380.1,3e-131
634,NP_011804.1,NP_596765.1,1e-08
635,NP_010505.3,NP_596201.2,0.78
636,NP_014726.1,NP_595103.1,0.009
637,NP_009391.2,NP_596048.2,0.3
638,NP_878134.3,NP_596659.1,0.62
639,NP_013215.1,NP_593804.1,2e-73
640,NP_012270.1,NP_596479.1,1e-30
641,NP_010465.4,NP_596114.1,0.048
642,NP_013355.1,NP_588114.1,0.21
643,NP_009747.3,NP_596016.1,0.16
644,NP_010437.3,NP_587759.1,6e-11
645,NP_012168.3,NP_001343115.1,0.011
646,NP_011058.3,NP_596339.1,0.0002
647,NP_012972.3,NP_593112.1,0.0001
648,NP_012427.1,NP_593846.1,2e-113
649,NP_014454.3,NP_595924.1,8e-18
650,NP_012876.1,NP_588360.1,2e-35
651,NP_011938.1,NP_001342984.1,2e-13
652,NP_116652.1,NP_001342761.1,3e-40
653,NP_014239.1,NP_001018766.1,6e-05
654,NP_010352.1,NP_595585.2,2e-11
655,NP_116704.1,NP_588424.1,0.24
656,NP_014135.1,NP_588127.1,1e-61
657,NP_013763.1,NP_001018832.1,3e-08
658,NP_012118.1,NP_594398.1,5e-70
659,NP_013107.1,NP_001343010.1,0.2
660,NP_015141.1,NP_595638.2,8e-13
661,NP_011912.1,NP_588310.1,0.36
662,NP_058161.1,NP_596090.2,0.76
663,NP_012789.2,NP_593406.1,0.0001
664,NP_014803.1,NP_595725.2,9e-131
665,NP_012695.3,NP_596339.1,0.79
666,NP_014529.1,NP_587829.1,5e-86
667,NP_001257683.1,NP_593740.1,0.54
668,NP_012479.1,NP_593073.1,5e-12
669,NP_116695.3,NP_593800.1,3e-72
670,NP_012169.1,NP_595162.1,2e-10
671,NP_014457.3,NP_595341.1,0.15
672,NP_011111.1,NP_596765.1,2e-09
673,NP_010434.1,NP_595354.1,8e-13
674,NP_015070.1,NP_588114.1,0.62
675,NP_001335823.1,NP_001342747.1,0.84
676,NP_010226.1,NP_593189.2,0.035
677,NP_012891.4,NP_593248.2,2e-49
678,NP_010138.1,NP_595155.1,0
679,NP_014208.1,NP_596011.1,0.009
680,NP_009656.2,NP_596060.1,0.37
681,NP_015308.1,NP_593496.1,1e-80
682,NP_014238.3,NP_593165.1,0
683,NP_878124.1,NP_594072.2,0.62
684,NP_009753.3,NP_001342781.1,0.34
685,NP_012661.3,NP_593288.1,1e-16
686,NP_012109.1,NP_595785.1,4e-08
687,NP_010709.1,NP_594098.2,0.0005
688,NP_014702.1,NP_001342847.1,3e-11
689,NP_013368.1,NP_595318.2,7e-08
690,NP_012212.1,NP_588143.1,1e-35
691,NP_015431.1,NP_588234.1,3e-08
692,NP_001257668.1,NP_588348.1,0.36
693,NP_010609.1,NP_595837.1,0.58
694,NP_012686.3,NP_588287.1,5e-126
695,NP_010365.3,NP_593409.2,9e-51
696,NP_011975.1,NP_001342848.1,4e-106
697,NP_015166.1,NP_594711.1,0.036
698,NP_011502.1,NP_596765.1,7e-09
699,NP_013428.1,NP_593044.2,0.01
700,NP_014382.1,NP_596601.2,3e-23
701,NP_011088.1,NP_593607.1,0.56
702,NP_009498.1,NP_595590.1,2e-58
703,NP_013082.1,NP_587875.2,7e-19
704,NP_010057.1,NP_587917.1,4e-31
705,NP_011782.1,NP_596275.1,0.29
706,NP_013054.1,NP_593427.1,1e-06
707,NP_011588.3,NP_594613.1,4e-16
708,NP_116707.3,NP_001343152.1,0.012
709,NP_011663.3,NP_595156.1,3e-10
710,NP_010065.2,NP_593131.1,5e-34
711,NP_878182.1,NP_596693.2,0.21
712,NP_010364.1,NP_596836.2,0.15
713,NP_014073.1,NP_595701.1,1e-24
714,NP_011815.1,NP_594032.1,0.19
715,NP_011972.1,NP_594888.1,7e-56
716,NP_013030.1,NP_595055.1,3e-58
717,NP_013784.1,NP_593722.1,5e-08
718,NP_011840.1,NP_001342971.1,3e-16
719,NP_012069.3,NP_594234.2,0.52
720,NP_009508.1,NP_595827.1,2e-68
721,NP_010143.1,NP_587739.1,2e-76
722,NP_014486.1,NP_587739.1,1e-116
723,NP_012813.1,NP_001343003.1,0.46
724,NP_013671.1,NP_595833.1,2e-05
725,NP_012297.3,NP_001417945.1,0.026
726,NP_014833.3,NP_596461.1,4e-87
727,NP_013713.1,NP_596307.1,7e-74
728,NP_012487.1,NP_596233.1,0.38
729,NP_010450.3,NP_593370.1,0.38
730,NP_014713.1,NP_595314.1,1e-85
731,NP_009613.1,NP_595389.2,0.053
732,NP_014352.3,NP_593240.1,0.73
733,NP_010990.1,NP_593001.1,0.63
734,NP_012372.1,NP_594912.1,4e-07
735,NP_012371.2,NP_595159.1,6e-121
736,NP_001335788.1,NP_593209.1,0.25
737,NP_012066.1,NP_588302.1,0.018
738,NP_010713.1,NP_596737.1,1e-29
739,NP_013373.1,NP_001343075.1,1e-07
740,NP_012753.2,NP_594866.1,9e-64
741,NP_015134.1,NP_593002.1,7e-17
742,NP_012207.3,NP_593001.1,0.076
743,NP_001335756.1,NP_595357.1,0.67
744,NP_013362.1,NP_587774.1,0.52
745,NP_015387.1,NP_001417968.1,4e-07
746,NP_015367.1,NP_595389.2,1e-71
747,NP_013751.1,NP_593553.1,2e-17
748,NP_009384.1,NP_596846.2,0.34
749,NP_012348.1,NP_587933.1,2e-66
750,NP_010625.1,NP_588077.1,4e-95
751,NP_012147.3,NP_588199.1,0.45
752,NP_015192.1,NP_593170.1,0.0002
753,NP_010378.1,NP_592849.1,0
754,NP_015359.1,NP_594546.2,1e-26
755,NP_011672.1,NP_593884.1,0.0002
756,NP_878098.1,NP_594120.1,0.093
757,NP_015244.1,NP_595840.1,3e-78
758,NP_012193.3,NP_595950.1,0.32
759,NP_014101.1,NP_592864.1,3e-94
760,NP_013785.1,NP_588054.2,2e-10
761,NP_878181.1,NP_001342793.1,0.34
762,NP_014216.1,NP_587949.1,9e-104
763,NP_011620.1,NP_596052.1,0.91
764,NP_015276.1,NP_001342746.1,0.27
765,NP_001335826.1,NP_001342909.1,0.7
766,NP_010782.4,NP_595302.1,0.93
767,NP_878103.1,NP_001343011.1,0.009
768,NP_061494.3,NP_594564.1,0.029
769,NP_012683.4,NP_001018242.1,0.33
770,NP_014531.1,NP_592817.1,0.013
771,NP_001335810.1,NP_595381.3,0.96
772,NP_012656.1,NP_594504.1,5e-11
773,NP_011302.1,NP_596145.1,3e-14
774,NP_010120.1,NP_001417976.1,1e-43
775,NP_013081.1,NP_001018187.2,2e-79
776,NP_012547.2,NP_596260.1,3e-80
777,NP_013729.1,NP_593032.1,4e-06
778,NP_014541.1,NP_588442.1,3e-91
779,NP_085069.3,NP_596614.1,0.68
780,NP_009845.2,NP_593372.1,0.002
781,NP_012644.1,NP_593789.1,6e-112
782,NP_116666.1,NP_596357.1,0.037
783,NP_011050.3,NP_594055.1,0.045
784,NP_014662.1,NP_596078.1,5e-06
785,NP_012831.1,NP_001342789.1,0.17
786,NP_009622.1,NP_595717.1,4e-10
787,NP_011387.2,NP_594337.1,3e-08
788,NP_001257677.1,NP_594331.1,0.15
789,NP_001335786.1,NP_588074.1,0.11
790,NP_116715.3,NP_588248.3,1e-08
791,NP_009424.1,NP_595277.1,0.66
792,NP_014624.1,NP_593832.1,5e-33
793,NP_683715.1,NP_587778.1,0.035
794,NP_011887.1,NP_594580.1,1e-07
795,NP_013278.1,NP_596455.1,3e-22
796,NP_013104.1,NP_588287.1,1e-70
797,NP_013910.1,NP_596372.1,2e-12
798,NP_010122.1,NP_595457.1,4e-53
799,NP_058166.1,NP_596090.2,0.93
800,NP_010632.1,NP_587739.1,3e-115
801,NP_010786.3,NP_594444.1,0.005
802,NP_013429.1,NP_595300.1,3e-14
803,NP_015238.1,NP_001018765.1,0.18
804,NP_012121.2,NP_592821.1,3e-46
805,NP_010865.1,NP_594283.1,0.7
806,NP_014465.1,NP_594547.1,1e-136
807,NP_015193.1,NP_001343002.1,1e-63
808,NP_010980.1,NP_596374.1,3e-23
809,NP_010513.1,NP_594491.1,0.53
810,NP_001257684.1,NP_592998.1,0.17
811,NP_010876.2,NP_593876.1,1e-33
812,NP_010666.2,NP_594380.1,4e-10
813,NP_011571.4,NP_595962.1,0.004
814,NP_014211.1,NP_595680.1,0.75
815,NP_013112.2,NP_594451.2,0.27
816,NP_014304.1,NP_593365.1,0.001
817,NP_014935.3,NP_594971.1,1e-18
818,NP_013730.1,NP_596643.1,1e-18
819,NP_013566.1,NP_594283.1,0.98
820,NP_013569.1,NP_594047.1,0.45
821,NP_015508.1,NP_596101.1,1e-20
822,NP_015309.1,NP_001417924.1,1e-08
823,NP_010754.1,NP_588442.1,3e-68
824,NP_009947.1,NP_596525.1,0.16
825,NP_013600.2,NP_594205.1,0.66
826,NP_014056.3,NP_595903.1,3e-160
827,NP_010937.3,NP_593803.1,6e-81
828,NP_009501.1,NP_593736.1,1e-77
829,NP_012642.1,NP_594916.1,0.18
830,NP_011334.1,NP_596008.1,8e-27
831,NP_011411.3,NP_001018762.2,5e-17
832,NP_011288.1,NP_001343189.1,0.21
833,NP_013870.1,NP_596226.1,3e-27
834,NP_009492.1,NP_592847.1,3e-36
835,NP_014300.3,NP_595585.2,2e-17
836,NP_011396.1,NP_596237.1,2e-131
837,NP_010435.1,NP_596453.1,8e-18
838,NP_013589.1,NP_592982.1,7e-39
839,NP_012701.2,NP_588381.1,0.33
840,NP_011353.1,NP_596765.1,0.017
841,NP_009774.4,NP_595268.1,6e-12
842,NP_012062.1,NP_588465.1,0.002
843,NP_010395.1,NP_587770.1,0.38
844,NP_013717.1,NP_001417948.1,1e-19
845,NP_013431.1,NP_594879.3,0.87
846,NP_012497.3,NP_001417951.1,0.63
847,NP_010533.1,NP_595690.1,1e-46
848,NP_010571.1,NP_594347.1,0.34
849,NP_015067.1,NP_001342772.1,2e-15
850,NP_010084.1,NP_587831.1,0.37
851,NP_116696.2,NP_594861.1,3e-104
852,NP_010829.1,NP_596164.1,0.54
853,NP_014436.1,NP_588332.1,4e-71
854,NP_010070.1,NP_594395.1,0.044
855,NP_014912.1,NP_001342944.1,3e-17
856,NP_009740.3,NP_594138.1,9e-94
857,NP_014576.1,NP_596431.1,3e-21
858,NP_116605.1,NP_588169.1,8e-14
859,NP_878094.1,NP_593176.1,0.046
860,NP_011082.3,NP_595866.1,1e-16
861,NP_014219.1,NP_593536.1,1e-53
862,NP_013091.1,NP_592973.1,7e-70
863,NP_012134.1,NP_595735.1,0.54
864,NP_001418071.1,NP_595366.1,0.91
865,NP_012822.1,NP_594477.1,6e-31
866,NP_014183.1,NP_596285.1,0.004
867,NP_009808.1,NP_592942.1,3e-128
868,NP_001018030.1,NP_596641.1,9e-16
869,NP_015370.1,NP_596221.1,5e-38
870,NP_878095.3,NP_594098.2,0.2
871,NP_010739.3,NP_001417931.1,5e-06
872,NP_001027534.1,NP_594157.1,1e-15
873,NP_011438.1,NP_595924.1,6e-51
874,NP_011287.1,NP_588068.3,8e-13
875,NP_015025.3,NP_001343041.1,9e-26
876,NP_013098.1,NP_593626.1,0.78
877,NP_013415.1,NP_588165.3,0.79
878,NP_015016.3,NP_594099.1,0.002
879,NP_010604.4,NP_594474.1,0.001
880,NP_010538.1,NP_594757.1,4e-11
881,NP_013931.1,NP_593613.1,0.035
882,NP_014993.1,NP_595009.1,6e-155
883,NP_012480.1,NP_593899.1,0.36
884,NP_010214.2,NP_593073.1,0.63
885,NP_011766.3,NP_593377.1,5e-11
886,NP_058176.1,NP_596090.2,0.87
887,NP_015393.1,NP_595333.1,2e-41
888,NP_012641.2,NP_593188.1,0.006
889,NP_013854.1,NP_594645.1,0.0004
890,NP_009345.3,NP_594099.1,0.005
891,NP_010763.2,NP_596078.1,0.0002
892,NP_011654.1,NP_595458.1,4e-121
893,NP_010607.3,NP_595021.1,1e-55
894,NP_014697.1,NP_594305.1,2e-29
895,NP_014965.3,NP_596297.1,0.007
896,NP_116593.1,NP_595696.1,0.92
897,NP_009349.3,NP_593664.2,2e-09
898,NP_014723.2,NP_593480.1,0.013
899,NP_013682.1,NP_594467.1,2e-07
900,NP_011616.3,NP_595594.1,0.067
901,NP_013913.1,NP_595464.1,1e-06
902,NP_009606.1,NP_592969.1,0.097
903,NP_010281.1,NP_588151.1,5e-12
904,NP_012145.1,NP_587748.2,5e-14
905,NP_013401.1,NP_595384.1,2e-08
906,NP_009739.1,NP_587748.2,1e-33
907,NP_014522.1,NP_595330.1,0.061
908,NP_015287.1,NP_593073.1,1e-07
909,NP_013315.1,NP_595271.1,7e-20
910,NP_010768.1,NP_595625.1,0.003
911,NP_011652.1,NP_595425.1,2e-13
912,NP_010068.1,NP_596033.1,1e-20
913,NP_014640.1,NP_595701.1,2e-15
914,NP_014007.1,NP_595318.2,1e-09
915,NP_076878.1,NP_587936.1,3e-10
916,NP_001335799.1,NP_595363.1,0.6
917,NP_015031.1,NP_587770.1,0.69
918,NP_757339.1,NP_588383.1,0.2
919,NP_012117.3,NP_588236.1,1e-12
920,NP_010532.3,NP_596670.1,3e-12
921,NP_010650.1,NP_001342889.1,0.0001
922,NP_014801.1,NP_593839.1,0.059
923,NP_009942.2,NP_593630.1,0.63
924,NP_010030.1,NP_588244.1,3e-21
925,NP_013003.1,NP_592922.1,0.82
926,NP_015386.1,NP_587977.2,0.0001
927,NP_010036.1,NP_587739.1,1e-105
928,NP_012439.2,NP_596189.3,1e-17
929,NP_010182.1,NP_588136.1,7e-52
930,NP_014540.1,NP_596013.1,0.008
931,NP_012386.1,NP_588384.1,0.78
932,NP_012482.1,NP_593695.1,9e-66
933,NP_013060.1,NP_001342827.1,0
934,NP_009308.2,YP_011104928.1,7e-25
935,NP_010547.1,NP_596461.1,1e-55
936,NP_010354.3,NP_001342719.1,1e-50
937,NP_009901.1,NP_594619.1,8e-08
938,NP_014371.1,NP_593073.1,1e-29
939,NP_011855.1,NP_588341.1,0.97
940,NP_009736.3,NP_596852.1,0.41
941,NP_011707.1,NP_595008.3,3e-124
942,NP_116622.1,NP_001342789.1,0.41
943,NP_011971.1,NP_594541.1,0.0001
944,NP_015430.1,NP_588155.1,8e-29
945,NP_010909.1,NP_592911.1,8e-24
946,NP_009952.2,NP_587748.2,5e-05
947,NP_009502.1,NP_592895.1,9e-41
948,NP_012260.1,NP_592957.1,8e-49
949,NP_010487.3,NP_001343012.1,3e-05
950,NP_012112.3,NP_001342825.1,2e-08
951,NP_009708.1,NP_587726.1,7e-07
952,NP_009378.1,NP_596123.1,5e-18
953,NP_012077.1,NP_588413.1,4e-07
954,NP_014625.1,NP_593823.1,0.24
955,NP_010971.1,NP_588188.1,2e-34
956,NP_013199.1,NP_587679.2,6e-65
957,NP_014438.3,NP_593353.1,0.63
958,NP_009743.3,NP_587922.1,0.84
959,NP_009554.1,NP_593847.1,0.041
960,NP_010978.3,NP_596433.1,2e-26
961,NP_013487.1,NP_587906.1,3e-94
962,NP_015003.1,NP_596412.1,2e-35
963,NP_009903.2,NP_593322.1,0.083
964,NP_009571.1,NP_594942.1,0.24
965,NP_012830.1,NP_593260.1,0.13
966,NP_009561.2,NP_595862.1,0.0001
967,NP_010125.1,NP_595809.1,1e-07
968,NP_001335743.1,NP_001343025.1,0.092
969,NP_009790.3,NP_588440.1,1e-09
970,NP_011857.2,NP_588551.1,0.52
971,NP_010752.3,NP_001342747.1,1e-07
972,NP_010006.1,NP_593852.1,1e-23
973,NP_014873.3,NP_587700.1,4e-05
974,NP_010802.1,NP_594511.1,6e-12
975,NP_010271.3,NP_001342916.1,0.032
976,NP_012827.1,NP_001018187.2,0.13
977,NP_014213.2,NP_587805.1,4e-25
978,NP_014170.1,NP_588517.1,9e-40
979,NP_014019.1,NP_593464.1,2e-42
980,NP_009690.1,NP_595009.1,6e-83
981,NP_009687.1,NP_588026.2,0.21
982,NP_009338.1,NP_595277.1,0.058
983,NP_014301.1,NP_593579.1,9e-64
984,NP_013980.1,NP_001342877.1,0.38
985,NP_011511.3,NP_001342709.1,2e-13
986,NP_011958.1,NP_594080.1,1e-38
987,NP_011513.1,NP_595791.1,5e-29
988,NP_013237.1,NP_596453.1,8e-17
989,NP_012135.1,NP_596764.1,5e-27
990,NP_015340.1,NP_594479.2,1e-11
991,NP_012289.3,NP_594471.1,2e-26
992,NP_011662.3,NP_593925.1,0.72
993,NP_015164.1,NP_594550.1,0.077
994,NP_013511.4,NP_001343071.1,0.0003
995,NP_014928.1,NP_594343.2,9e-14
996,NP_013017.2,NP_593848.1,0.43
997,NP_012061.3,NP_594645.1,0.063
998,NP_010656.1,NP_594888.1,2e-58
999,NP_011073.1,NP_596373.1,1e-17
1000,NP_012649.3,NP_587906.1,0.002
1001,NP_116645.1,NP_595823.1,0.23
1002,NP_013917.1,NP_594886.1,6e-26
1003,NP_009676.1,NP_595255.1,0
1004,NP_010104.1,NP_594402.1,2e-13
1005,NP_116692.1,NP_593944.1,0.041
1006,NP_010545.3,NP_593662.1,0.0005
1007,NP_011892.1,NP_596171.1,0
1008,NP_015071.1,NP_594836.2,2e-31
1009,NP_013238.1,NP_587822.1,5e-08
1010,NP_015479.2,NP_592849.1,0.56
1011,NP_012861.1,NP_593553.1,4e-17
1012,NP_015214.1,NP_593549.1,1e-66
1013,NP_014481.1,NP_593085.1,0.55
1014,NP_014127.1,NP_593182.1,1e-12
1015,NP_014659.1,NP_001342850.1,2e-19
1016,NP_013157.1,NP_593135.1,8e-85
1017,NP_011260.1,NP_594670.1,1e-17
1018,NP_013249.1,NP_588498.1,2e-47
1019,NP_009778.3,NP_595678.1,6e-12
1020,NP_010964.3,NP_001342974.1,3e-06
1021,NP_009360.1,NP_001342772.1,5e-18
1022,NP_014296.4,NP_001342821.1,2e-05
1023,NP_013845.1,NP_593745.1,0.33
1024,NP_010835.1,NP_001018299.1,0.13
1025,NP_011983.1,NP_593733.1,5e-47
1026,NP_013544.1,NP_587832.1,5e-19
1027,NP_013412.1,NP_588236.1,0.86
1028,NP_015420.1,NP_001342851.1,2e-25
1029,NP_014039.1,NP_588502.1,0
1030,NP_014378.1,NP_596081.1,2e-91
1031,NP_010658.3,NP_594904.1,0.012
1032,NP_014603.1,NP_594358.1,3e-18
1033,NP_014026.1,NP_594425.1,7e-131
1034,NP_012583.1,NP_588005.1,3e-69
1035,NP_013329.1,NP_593160.2,2e-08
1036,NP_012373.2,NP_595587.1,6e-09
1037,NP_011377.1,NP_593217.1,0.48
1038,NP_012965.3,NP_595008.3,2e-140
1039,NP_010493.1,NP_596242.3,4e-05
1040,NP_015270.1,NP_596180.1,0.25
1041,NP_012990.1,NP_593170.1,0.0002
1042,NP_012970.3,NP_588451.1,5e-08
1043,NP_014322.1,NP_595428.1,9e-40
1044,NP_015509.1,NP_594017.1,1e-25
1045,NP_013883.1,NP_593484.1,0.5
1046,NP_014092.1,NP_593134.1,8e-76
1047,NP_012511.1,NP_595864.4,0.22
1048,NP_011659.3,NP_593801.1,2e-148
1049,NP_009678.3,NP_594192.1,0.18
1050,NP_011765.1,NP_594284.1,9e-12
1051,NP_013971.1,NP_588380.2,3e-86
1052,NP_011962.1,NP_587739.1,3e-115
1053,NP_015115.1,NP_001018849.1,1e-89
1054,NP_013806.1,NP_596009.1,6e-40
1055,NP_010116.1,NP_587823.2,5e-28
1056,NP_012936.1,NP_592946.2,0.97
1057,NP_010161.1,NP_592992.1,9e-07
1058,NP_014055.1,NP_587678.1,6e-47
1059,NP_001335787.1,NP_593520.1,0.68
1060,NP_012195.1,NP_595896.1,1e-47
1061,NP_013361.1,NP_593818.1,7e-54
1062,NP_010767.1,NP_588367.1,6e-11
1063,NP_009487.2,NP_588286.1,0.0003
1064,NP_011412.1,NP_587907.1,3e-54
1065,NP_014429.3,NP_593740.1,2e-113
1066,NP_013512.1,NP_593325.1,0.89
1067,NP_878151.1,NP_595367.1,0.69
1068,NP_012854.1,NP_596485.1,0.89
1069,NP_014275.3,NP_596270.1,4e-22
1070,NP_009892.1,NP_593093.1,2e-28
1071,NP_757338.1,NP_588383.1,0.2
1072,NP_011813.1,NP_593127.1,0.87
1073,NP_009789.1,NP_588002.1,0.56
1074,NP_012090.1,NP_594458.1,0.15
1075,NP_001381968.1,NP_595354.1,0.079
1076,NP_014419.1,NP_596816.1,0.052
1077,NP_012020.1,NP_594954.1,0.039
1078,NP_013364.1,NP_001342910.2,0.64
1079,NP_010206.1,NP_593392.1,9e-28
1080,NP_013158.1,NP_594434.1,9e-07
1081,NP_013287.1,NP_593671.1,5e-86
1082,NP_012817.1,NP_595102.2,0.72
1083,NP_010241.1,NP_596585.1,5e-18
1084,NP_011550.3,NP_595325.2,5e-23
1085,NP_010046.1,NP_595482.1,1e-18
1086,NP_014985.1,NP_596665.1,9e-23
1087,NP_011632.3,NP_595759.2,0.29
1088,NP_011394.1,NP_594186.1,0.037
1089,NP_015069.1,NP_596492.1,5e-22
1090,NP_012975.3,NP_594133.1,0.39
1091,NP_013386.1,NP_596228.1,0.005
1092,NP_015042.1,NP_595903.1,9e-161
1093,NP_010173.1,NP_587958.1,0.52
1094,NP_014232.1,NP_001342974.1,5e-09
1095,NP_014654.1,NP_587932.3,0
1096,NP_010796.1,NP_595008.3,7e-111
1097,NP_012284.3,NP_595277.1,3e-28
1098,NP_010314.4,NP_595295.1,0.029
1099,NP_010336.3,NP_594234.2,0.019
1100,NP_013582.1,NP_595106.1,0
1101,NP_010793.2,NP_596455.1,2e-23
1102,NP_010899.3,NP_588370.1,0.72
1103,NP_015467.1,NP_593458.1,1e-117
1104,NP_010015.3,NP_593065.1,9e-128
1105,NP_014650.1,NP_595526.2,5e-05
1106,NP_009756.1,NP_594623.1,0.46
1107,NP_015195.1,NP_596356.2,0.35
1108,NP_065437.1,NP_593498.1,0.32
1109,NP_012553.3,NP_001342827.1,0.41
1110,NP_014896.3,NP_588274.1,4e-09
1111,NP_010139.1,NP_001417939.1,6e-29
1112,NP_011458.1,NP_592928.1,0.079
1113,NP_010651.3,NP_594968.1,0.15
1114,NP_010019.1,NP_595585.2,3e-08
1115,NP_010413.3,NP_594930.1,2e-134
1116,NP_058180.1,NP_596090.2,0.75
1117,NP_012666.2,NP_588103.1,6e-125
1118,NP_014192.1,NP_596200.2,6e-88
1119,NP_013047.1,NP_592788.1,0.0002
1120,NP_690844.1,NP_588236.1,0.57
1121,NP_011730.1,NP_596140.1,2e-84
1122,NP_013319.1,NP_588093.1,9e-11
1123,NP_010059.1,NP_596051.2,0.13
1124,NP_012998.1,NP_594305.1,4e-36
1125,NP_014918.1,NP_593085.1,2e-19
1126,NP_010190.1,NP_593237.1,3e-112
1127,NP_013174.1,NP_001342969.1,0.003
1128,NP_009855.1,NP_596753.1,0.38
1129,NP_013830.1,NP_593992.1,0.4
1130,NP_014291.1,NP_588471.1,0.008
1131,NP_010677.1,NP_596024.2,3e-29
1132,NP_058135.1,NP_593418.1,2e-19
1133,NP_009745.2,NP_593287.3,6e-16
1134,NP_014682.1,NP_001342935.1,3e-59
1135,NP_009986.1,NP_596790.1,1e-06
1136,NP_076886.3,NP_596155.1,5e-13
1137,NP_015405.1,NP_595255.1,0
1138,NP_015333.1,NP_592923.1,9e-13
1139,NP_011286.1,NP_594907.2,0.19
1140,NP_011579.1,NP_001342731.1,8e-51
1141,NP_011256.1,NP_596861.1,1e-63
1142,NP_011773.3,NP_595818.1,6e-42
1143,NP_011323.3,NP_594813.1,0.44
1144,NP_015101.1,NP_001342811.1,0.037
1145,NP_015236.1,NP_596507.1,4e-15
1146,NP_013108.1,NP_593445.1,9e-24
1147,NP_010317.3,NP_593160.2,1e-08
1148,NP_012780.1,NP_594993.1,0.09
1149,NP_014480.1,NP_001342807.1,4e-05
1150,NP_014546.1,NP_594341.1,1e-16
1151,NP_014328.3,NP_587755.1,1e-113
1152,NP_014735.1,NP_593365.1,7e-06
1153,NP_010521.1,NP_596426.1,5e-22
1154,NP_014242.1,NP_593267.1,2e-13
1155,NP_010440.1,NP_595362.1,0.013
1156,NP_010367.1,NP_587790.2,0.52
1157,NP_878110.1,NP_588472.2,0.18
1158,NP_012007.1,NP_001018773.1,0.012
1159,NP_001335765.1,NP_595202.1,0.56
1160,NP_012264.3,NP_596431.1,1e-144
1161,NP_012418.1,NP_594753.1,0.053
1162,NP_014580.1,NP_595518.1,2e-39
1163,NP_010907.3,NP_593039.1,0.071
1164,NP_012047.1,NP_592911.1,8e-20
1165,NP_757337.1,NP_588383.1,0.2
1166,NP_012115.1,NP_595305.1,0.42
1167,NP_013025.3,NP_593880.1,6e-08
1168,NP_012940.3,NP_587946.1,0.16
1169,NP_013669.1,NP_595497.1,2e-08
1170,NP_009342.2,NP_001342839.1,0.82
1171,NP_010162.1,NP_595956.1,0.23
1172,NP_014885.3,NP_592982.1,0.0007
1173,NP_012139.1,NP_587682.1,0.12
1174,NP_012407.2,NP_595457.1,8e-122
1175,NP_014623.1,NP_588418.1,1e-11
1176,NP_011264.2,NP_001018853.4,4e-07
1177,NP_013507.1,NP_594573.1,7e-24
1178,NP_013972.1,NP_001343160.1,2e-13
1179,NP_011797.3,NP_593943.3,1e-175
1180,NP_116616.1,NP_596650.1,0
1181,NP_013058.1,NP_587813.1,0.76
1182,NP_014374.1,NP_593178.1,1e-07
1183,NP_878152.1,NP_596685.1,0.082
1184,NP_014859.3,NP_595293.1,1e-28
1185,NP_013945.1,NP_588342.1,5e-09
1186,NP_011315.3,NP_588020.1,3e-36
1187,NP_001335737.1,NP_593161.1,0.38
1188,NP_014226.1,NP_588485.1,1e-05
1189,NP_012329.1,NP_588286.1,2e-21
1190,NP_011628.4,NP_594056.1,0.0009
1191,NP_011690.3,NP_595544.1,1e-06
1192,NP_010939.1,NP_596566.1,4e-14
1193,NP_012707.1,NP_592810.1,0
1194,NP_010891.1,NP_001417924.1,0.4
1195,NP_076890.1,NP_592810.1,0.94
1196,NP_013891.1,NP_593170.1,7e-05
1197,NP_012370.1,NP_594866.1,9e-66
1198,NP_001335763.1,NP_594909.1,0.56
1199,NP_015271.1,NP_594201.1,8e-18
1200,NP_012029.1,NP_595178.1,0.056
1201,NP_013779.1,NP_588418.1,2e-08
1202,NP_036195.3,NP_596090.2,0.75
1203,NP_010589.3,NP_594000.1,2e-07
1204,NP_009535.1,NP_001018786.1,8e-09
1205,NP_011586.1,NP_593705.1,0.12
1206,NP_010958.3,NP_588278.2,2e-19
1207,NP_015253.1,NP_595689.1,2e-06
1208,NP_009905.3,NP_595008.3,2e-112
1209,NP_011303.1,NP_593289.1,0.0008
1210,NP_010583.1,NP_596489.1,3e-60
1211,NP_013153.1,NP_592978.1,0.32
1212,NP_014131.1,NP_588250.1,3e-98
1213,NP_014240.1,NP_596445.1,0.11
1214,NP_013182.1,NP_587739.1,4e-112
1215,NP_010601.3,NP_588080.1,9e-08
1216,NP_011457.1,NP_592876.1,3e-69
1217,NP_014167.1,NP_588510.1,2e-27
1218,NP_009307.2,YP_011104928.1,2e-80
1219,NP_010264.3,NP_001342894.1,3e-16
1220,NP_014174.1,NP_595174.1,0.52
1221,NP_009981.1,NP_593110.1,4e-11
1222,NP_015205.1,NP_001342824.1,2e-26
1223,NP_011618.3,NP_593935.1,0.042
1224,NP_009697.3,NP_594425.1,1e-129
1225,NP_014919.3,NP_593858.2,0.25
1226,NP_010341.3,NP_594004.1,0.25
1227,NP_012484.1,NP_593073.1,0.49
1228,NP_014085.1,NP_001342759.1,0.091
1229,NP_014612.1,NP_596746.1,2e-118
1230,NP_009949.1,NP_588105.1,0.25
1231,NP_009376.2,NP_596486.1,0
1232,NP_013598.1,NP_594632.1,0.008
1233,NP_009317.1,YP_011104932.1,7e-62
1234,NP_014129.1,NP_588250.1,6e-90
1235,NP_014805.3,NP_593170.1,4e-07
1236,NP_015226.1,NP_001417967.1,0.002
1237,NP_013661.1,NP_001342858.1,5e-09
1238,NP_012424.1,NP_596355.1,0
1239,NP_013205.1,NP_595342.1,0.75
1240,NP_014982.3,NP_588248.3,2e-58
1241,NP_009486.3,NP_596207.1,1e-64
1242,NP_010710.4,NP_588485.1,0.0002
1243,NP_013551.1,NP_592948.1,1e-10
1244,NP_013957.1,NP_595605.1,9e-33
1245,NP_013541.3,NP_594981.1,0.18
1246,NP_010965.1,NP_593044.2,0.0004
1247,NP_014730.2,NP_593520.1,0.072
1248,NP_010623.3,NP_596651.1,0.001
1249,NP_013078.1,NP_595313.1,0.027
1250,NP_010249.1,NP_588228.1,1e-10
1251,NP_015019.1,NP_594582.1,1e-155
1252,NP_116647.1,NP_596049.2,0
1253,NP_116613.1,NP_587747.1,9e-26
1254,NP_012388.1,NP_595158.1,0.42
1255,NP_015501.2,NP_596521.1,4e-85
1256,NP_013846.1,NP_594630.1,2e-33
1257,NP_015484.1,NP_596007.1,0.9
1258,NP_013437.1,NP_595515.1,3e-24
1259,NP_014028.2,NP_594651.2,0.52
1260,NP_009891.1,NP_593424.1,6e-18
1261,NP_013178.1,NP_001342701.1,0.0002
1262,NP_011973.1,NP_595884.1,0.34
1263,NP_010508.1,NP_588216.1,1e-19
1264,NP_011522.1,NP_595021.1,0.04
1265,NP_013410.1,NP_594602.1,0.11
1266,NP_001257667.1,NP_593104.1,0.67
1267,NP_012179.3,NP_595584.1,2e-07
1268,NP_010340.1,NP_001342757.1,7e-40
1269,NP_009856.3,NP_596765.1,1e-09
1270,NP_001335780.1,NP_596733.1,0.31
1271,NP_013756.1,NP_594931.1,4e-18
1272,NP_014687.1,NP_595373.2,0.94
1273,NP_013979.1,NP_593406.1,0.36
1274,NP_012352.2,NP_001342819.1,4e-18
1275,NP_014050.2,NP_595277.1,0.014
1276,NP_015008.3,NP_593664.2,9e-10
1277,NP_012164.1,NP_593913.1,0.42
1278,NP_013468.3,NP_594310.1,0.003
1279,NP_011279.1,NP_593982.1,0.27
1280,NP_011829.1,NP_593531.1,6e-06
1281,NP_011563.1,NP_593992.1,0.18
1282,NP_010638.3,NP_594541.1,0.004
1283,NP_014872.1,NP_587700.1,4e-05
1284,NP_012021.1,NP_001342960.1,0.1
1285,NP_013859.1,NP_593134.1,1e-108
1286,NP_012685.1,NP_595277.1,0.68
1287,NP_001335820.1,NP_595486.1,0.92
1288,NP_013307.1,NP_001417976.1,1e-43
1289,NP_011081.1,NP_596177.1,1e-31
1290,NP_011345.3,NP_596742.1,0.32
1291,NP_012904.3,NP_587918.1,6e-14
1292,NP_012556.2,NP_588509.1,1e-09
1293,NP_013001.1,NP_592969.1,0.0004
1294,NP_010727.1,NP_595531.1,0.53
1295,NP_011107.1,NP_001342811.1,0.6
1296,NP_010304.3,NP_592863.1,4e-155
1297,NP_014736.1,NP_593217.1,1e-149
1298,NP_009886.1,NP_595260.1,0.94
1299,NP_009995.1,NP_596532.1,2e-22
1300,NP_012767.1,NP_001343002.1,3e-16
1301,NP_013627.1,NP_593122.1,0.45
1302,NP_011601.3,NP_001342796.1,4e-158
1303,NP_015447.1,NP_593966.1,4e-45
1304,NP_009605.1,NP_001342963.1,2e-26
1305,NP_014960.1,NP_594985.1,0.087
1306,NP_009748.3,NP_595840.1,4e-78
1307,NP_001257688.1,NP_594966.1,0.37
1308,NP_013712.1,NP_596110.3,0.013
1309,NP_010919.1,NP_588508.1,0.01
1310,NP_009318.1,YP_011104932.1,2e-48
1311,NP_058184.3,NP_596090.2,0.95
1312,NP_015184.1,NP_593534.2,5e-87
1313,NP_013547.3,NP_596060.1,4e-08
1314,NP_009956.2,NP_595194.1,6e-39
1315,NP_013832.1,NP_595419.1,0.37
1316,NP_015234.1,NP_595589.1,5e-144
1317,NP_014657.1,NP_588206.1,3e-142
1318,NP_010770.3,NP_593820.1,3e-05
1319,NP_010063.1,NP_595329.1,0.43
1320,NP_012875.2,NP_596473.1,1e-32
1321,NP_014538.2,NP_593858.2,2e-125
1322,NP_011682.1,NP_593467.1,0.12
1323,NP_012228.1,NP_001342974.1,7e-06
1324,NP_011717.4,NP_594880.1,3e-11
1325,NP_011485.1,NP_594857.1,2e-36
1326,NP_011284.1,NP_592810.1,0.21
1327,NP_009460.1,NP_594182.1,7e-42
1328,NP_013630.1,NP_593288.1,5e-18
1329,NP_009543.1,NP_594164.1,0.21
1330,NP_076894.3,NP_596224.1,0.13
1331,NP_011805.3,NP_595064.1,4e-21
1332,NP_012428.1,NP_593846.1,6e-21
1333,NP_011277.1,NP_595491.1,3e-24
1334,NP_009587.1,NP_595879.1,3e-136
1335,NP_012312.1,NP_594283.1,0.78
1336,NP_010785.1,NP_593858.2,2e-125
1337,NP_009549.1,NP_587982.1,0.52
1338,NP_878121.1,NP_596024.2,0.78
1339,NP_012161.1,NP_594631.1,6e-27
1340,NP_010313.3,NP_595307.1,3e-15
1341,NP_011759.1,NP_592846.1,2e-24
1342,NP_011079.3,NP_595128.1,9e-18
1343,NP_014427.1,NP_595429.2,4e-61
1344,NP_013466.1,NP_595714.2,2e-90
1345,NP_010034.1,NP_595064.1,2e-24
1346,NP_014665.1,NP_593319.1,3e-56
1347,NP_013692.1,NP_594923.1,0.34
1348,NP_012004.1,NP_588022.2,0.21
1349,NP_010955.3,NP_593535.1,0.038
1350,NP_011036.1,NP_593032.1,2e-27
1351,NP_116694.1,NP_593643.1,0.11
1352,NP_010488.1,NP_595418.1,0.77
1353,NP_010924.1,NP_596048.2,0.0003
1354,NP_012278.3,NP_588278.2,0.0005
1355,NP_013724.1,NP_587739.1,3e-123
1356,NP_015304.1,NP_592936.1,0.006
1357,NP_009726.3,NP_001342916.1,0.75
1358,NP_015181.1,NP_587707.1,0.045
1359,NP_009840.3,NP_595077.2,2e-50
1360,NP_010667.1,NP_595756.1,1e-25
1361,NP_011252.1,NP_594339.1,0.11
1362,NP_012225.1,NP_594432.1,5e-20
1363,NP_012019.1,NP_594395.1,0.003
1364,NP_009509.1,NP_588555.1,0.21
1365,NP_009875.1,NP_596329.1,0.56
1366,NP_014882.4,NP_596587.2,7e-87
1367,NP_001381969.1,NP_587720.2,0.18
1368,NP_009706.3,NP_594092.1,0.31
1369,NP_014024.1,NP_596160.1,4e-06
1370,NP_015094.1,NP_593288.1,1e-11
1371,NP_011347.1,NP_594985.1,0.88
1372,NP_014613.1,NP_593245.1,0.045
1373,NP_010446.3,NP_588016.1,2e-10
1374,NP_116662.1,NP_001342927.1,5e-22
1375,NP_878083.1,NP_596553.4,0.9
1376,NP_001335802.1,NP_001018840.1,0.38
1377,NP_013920.1,NP_587850.1,4e-26
1378,NP_012625.5,NP_594704.2,7e-17
1379,NP_012593.3,NP_588539.1,6e-24
1380,NP_011836.1,NP_001417955.1,8e-07
1381,NP_014244.1,NP_595145.1,0.039
1382,NP_012192.2,NP_593382.1,0.43
1383,NP_009742.1,NP_594957.1,0.46
1384,NP_012229.1,NP_593642.1,1e-113
1385,NP_012177.1,NP_594160.2,0.36
1386,NP_009757.1,NP_587902.1,3e-159
1387,NP_009333.1,NP_001342731.1,3e-70
1388,NP_014274.1,NP_587972.1,0.025
1389,NP_015033.1,NP_595132.2,1e-19
1390,NP_012478.3,NP_595991.2,7e-11
1391,NP_011037.3,NP_001342832.1,3e-13
1392,NP_011832.1,NP_593070.1,3e-10
1393,NP_001032577.1,NP_594766.1,0.017
1394,NP_012321.1,NP_587739.1,4e-113
1395,NP_012969.1,NP_001342788.1,3e-06
1396,NP_014558.1,NP_595060.1,0.06
1397,NP_014081.1,NP_587739.1,5e-76
1398,NP_001335750.1,NP_596486.1,0.17
1399,NP_010209.1,NP_587845.1,6e-29
1400,NP_010765.3,NP_588376.1,5e-148
1401,NP_013155.2,NP_588277.1,0.18
1402,NP_011494.1,NP_593176.1,5e-10
1403,NP_011097.3,NP_593685.1,7e-41
1404,NP_012067.4,NP_594754.1,0.5
1405,NP_009628.1,NP_596091.1,1e-10
1406,NP_012072.3,NP_594993.1,4e-85
1407,NP_012126.1,NP_594395.1,0.0008
1408,NP_012184.1,NP_594409.1,1e-117
1409,NP_014560.1,NP_001342789.1,3e-08
1410,NP_014927.3,NP_596551.1,0.37
1411,NP_011408.1,NP_596612.1,0.25
1412,NP_012981.3,NP_001018257.1,7e-50
1413,NP_009974.1,NP_593815.1,2e-46
1414,NP_116672.1,NP_594623.1,0.56
1415,NP_013912.1,NP_001018845.2,0.2
1416,NP_009599.2,NP_587748.2,5e-19
1417,NP_015473.1,NP_596191.1,0.22
1418,NP_015346.1,NP_594211.1,2e-37
1419,NP_010012.1,NP_594921.1,4e-22
1420,NP_013666.1,NP_595314.1,0.74
1421,NP_014741.1,NP_594158.1,0.014
1422,NP_014243.3,NP_593557.1,0.72
1423,NP_012886.3,NP_587726.1,1e-13
1424,NP_009683.1,NP_588356.1,1e-45
1425,NP_009800.1,NP_593320.1,5e-28
1426,NP_015510.1,NP_594401.1,0.011
1427,NP_015235.1,NP_594138.1,9e-94
1428,NP_012022.1,NP_593947.1,0.0006
1429,NP_011763.1,NP_596488.1,0.35
1430,NP_014855.3,NP_595613.1,2e-41
1431,NP_001335824.1,NP_588204.1,0.2
1432,NP_014110.1,NP_593889.1,5e-05
1433,NP_012374.1,NP_592832.2,0.26
1434,NP_116656.1,NP_595253.1,0.037
1435,NP_009869.3,NP_594704.2,0.55
1436,NP_012218.1,NP_593310.1,3e-103
1437,NP_011063.3,NP_587943.2,0.68
1438,NP_011402.3,NP_592946.2,0.0002
1439,NP_011644.3,NP_593509.1,0.18
1440,NP_009467.1,NP_588533.1,4e-15
1441,NP_014628.1,NP_595435.1,0.35
1442,NP_014477.1,NP_592785.1,0.002
1443,NP_010288.1,NP_594012.2,2e-24
1444,NP_001335807.1,NP_587848.1,0.57
1445,NP_013794.1,NP_596691.1,1e-14
1446,NP_015330.1,NP_596334.1,0.24
1447,NP_010464.1,NP_594814.1,0.13
1448,NP_015036.3,NP_587678.1,9e-48
1449,NP_009528.1,NP_594834.1,0.31
1450,NP_009799.3,NP_593160.2,3e-05
1451,NP_014088.1,NP_594697.1,1
1452,NP_010987.3,NP_595067.1,2e-82
1453,NP_012450.1,NP_595170.2,1e-11
1454,NP_013633.1,NP_595664.1,9e-63
1455,NP_013926.1,NP_001342772.1,8e-16
1456,NP_013456.1,NP_594528.1,0.18
1457,NP_010934.3,NP_593260.1,0.08
1458,NP_013322.1,NP_595234.1,0.012
1459,NP_012446.1,NP_595318.2,3e-08
1460,NP_009827.3,NP_588118.1,2e-05
1461,NP_009754.1,NP_587881.1,3e-41
1462,NP_014035.1,NP_594455.1,2e-11
1463,NP_013884.1,NP_595587.1,2e-22
1464,NP_014703.1,NP_587815.1,0.58
1465,NP_878168.1,NP_593456.1,0.57
1466,NP_011251.1,NP_594425.1,0.56
1467,NP_010195.1,NP_593304.1,1e-06
1468,NP_011515.4,NP_595474.1,0.072
1469,NP_001257674.1,NP_001342979.1,0.27
1470,NP_013925.1,NP_001342822.1,0.21
1471,NP_009552.1,NP_588180.1,9e-59
1472,NP_012114.1,NP_595777.2,0.36
1473,NP_010355.1,NP_593009.1,0.21
1474,NP_014445.1,NP_593065.1,5e-134
1475,NP_014045.1,NP_594101.1,3e-80
1476,NP_012349.2,NP_001342802.1,0.59
1477,NP_009443.1,NP_594351.3,0.86
1478,NP_011825.1,NP_593102.1,0.37
1479,NP_878070.1,NP_592862.1,0.9
1480,NP_015403.1,NP_596120.1,0.17
1481,NP_014537.1,NP_001342854.1,0.34
1482,NP_013651.1,NP_593991.1,0.041
1483,NP_015248.1,NP_596180.1,0.36
1484,NP_014695.1,NP_595145.1,1e-10
1485,NP_013753.1,NP_594042.1,1e-05
1486,NP_010402.3,NP_593896.1,0.55
1487,NP_010295.3,NP_595879.1,3e-136
1488,NP_013645.1,NP_593152.1,0.96
1489,NP_009735.3,NP_592822.1,9e-45
1490,NP_010421.1,NP_596608.1,0.19
1491,NP_009898.1,NP_593283.1,6e-06
1492,NP_009415.1,NP_593475.2,0.65
1493,NP_011960.2,NP_587739.1,2e-115
1494,NP_014016.1,NP_001342710.1,1e-07
1495,NP_014195.1,NP_588186.2,4e-21
1496,NP_001257685.1,NP_595496.1,0.06
1497,NP_012224.1,NP_596543.1,0.17
1498,NP_012705.1,NP_595057.1,0.008
1499,NP_010774.4,NP_001342736.1,1e-17
1500,NP_015120.1,NP_595760.1,1e-134
1501,NP_013782.1,NP_595158.1,0.15
1502,NP_010568.3,NP_587910.3,3e-18
1503,NP_014145.1,NP_596782.1,0.52
1504,NP_013611.1,NP_588527.2,5e-18
1505,NP_010422.1,NP_001342716.1,0.32
1506,NP_009821.3,NP_593962.1,0.44
1507,NP_015132.1,NP_588535.2,0.3
1508,NP_009572.1,NP_595223.1,0.0006
1509,NP_010526.1,NP_588467.2,0.25
1510,NP_014941.1,NP_592982.1,0.72
1511,NP_009420.1,NP_595232.1,0.039
1512,NP_001335814.1,NP_595985.1,1
1513,NP_012515.4,NP_593105.1,0.14
1514,NP_014710.1,NP_594599.1,2e-109
1515,NP_116669.1,NP_593464.1,9e-67
1516,NP_009741.3,NP_596507.1,6e-15
1517,NP_012718.1,NP_587945.1,0.035
1518,NP_015453.1,NP_001018227.1,6e-14
1519,NP_013004.3,NP_587929.1,0.002
1520,NP_011900.1,NP_596319.1,3e-22
1521,NP_009900.2,NP_595886.1,1e-135
1522,NP_011517.1,NP_592949.1,1e-57
1523,NP_012588.1,NP_001342926.1,0.55
1524,NP_014390.2,NP_596257.1,0.0009
1525,NP_878086.1,NP_593102.1,0.4
1526,NP_009663.1,NP_593556.2,8e-08
1527,NP_013923.1,NP_594106.1,1e-06
1528,NP_010814.1,NP_595350.2,5e-09
1529,NP_013043.1,NP_588397.3,0.72
1530,NP_014553.1,NP_593584.1,7e-10
1531,NP_014420.1,NP_593110.1,3e-11
1532,NP_009439.1,NP_594458.1,0.14
1533,NP_015095.1,NP_593288.1,0.89
1534,NP_012362.1,NP_588066.1,0.083
1535,NP_013079.1,NP_594077.1,5e-15
1536,NP_015005.1,NP_596284.2,0.62
1537,NP_011544.1,NP_596008.1,0.41
1538,NP_011622.1,NP_001342891.1,4e-81
1539,NP_015185.1,NP_596795.1,1e-81
1540,NP_012787.1,NP_595274.1,9e-113
1541,NP_014936.1,NP_595605.1,3e-33
1542,NP_014373.3,NP_595953.1,7e-28
1543,NP_014630.1,NP_596376.1,1e-28
1544,NP_014104.1,NP_594711.1,0.11
1545,NP_014396.3,NP_594185.1,6e-30
1546,NP_010734.1,NP_001018270.2,0.99
1547,NP_015283.1,NP_593389.2,3e-100
1548,NP_012027.1,NP_596087.1,0.74
1549,NP_116615.1,NP_596205.1,2e-83
1550,NP_012706.1,NP_593317.1,7e-14
1551,NP_011964.1,NP_587739.1,3e-116
1552,NP_014863.1,NP_001342728.1,0.79
1553,NP_013868.1,NP_587871.1,0.13
1554,NP_015030.3,NP_593110.1,0.073
1555,NP_010186.1,NP_593111.1,7e-112
1556,NP_010997.3,NP_595896.1,1e-47
1557,NP_011368.3,NP_593698.1,1e-55
1558,NP_014406.1,NP_596693.2,0.65
1559,NP_011074.3,NP_587919.1,0.51
1560,NP_011426.1,NP_596201.2,0.84
1561,NP_012654.1,NP_594861.1,0.84
1562,NP_009798.3,NP_595543.1,0.0003
1563,NP_014933.3,NP_594861.1,0
1564,NP_009853.3,NP_595773.1,0
1565,NP_012001.1,NP_001343004.1,0.55
1566,NP_009394.1,NP_594865.1,0.022
1567,NP_878067.1,NP_593164.1,0.25
1568,NP_001374312.1,NP_596153.1,0.28
1569,NP_010537.3,NP_588277.1,3e-06
1570,NP_009589.1,NP_587726.1,2e-09
1571,NP_010276.3,NP_593423.1,9e-21
1572,NP_010946.3,NP_594151.1,2e-14
1573,NP_011927.1,NP_001018187.2,0.26
1574,NP_010224.1,NP_595296.1,6e-09
1575,NP_012919.3,NP_593185.1,0.002
1576,NP_011527.1,NP_595250.1,0.17
1577,NP_009641.1,NP_587807.1,2e-52
1578,NP_012251.3,NP_596600.1,0.17
1579,NP_014876.1,NP_593534.2,3e-86
1580,NP_012877.1,NP_595298.1,0.032
1581,NP_010916.1,NP_596339.1,0.38
1582,NP_012595.1,NP_596192.1,0.42
1583,NP_011010.1,NP_595957.1,4e-51
1584,NP_009639.3,NP_588080.1,0.96
1585,NP_013424.1,NP_588034.1,0.35
1586,NP_009693.3,NP_595431.1,2e-40
1587,NP_009857.1,NP_595064.1,1e-24
1588,NP_444297.1,NP_594055.1,3e-63
1589,NP_011492.3,NP_595745.1,6e-13
1590,NP_011369.1,NP_587887.1,0.1
1591,NP_011634.1,NP_595981.1,2e-39
1592,NP_009573.1,NP_594385.1,4e-125
1593,NP_015518.1,NP_592788.1,6e-10
1594,NP_014681.1,NP_596243.1,5e-67
1595,NP_014962.3,NP_595726.1,3e-158
1596,NP_116648.2,NP_588216.1,0.087
1597,NP_009848.4,NP_592979.2,5e-45
1598,NP_012266.1,NP_595794.1,3e-22
1599,NP_009824.2,NP_588314.2,6e-22
1600,NP_014632.1,NP_001417937.1,2e-116
1601,NP_009564.1,NP_596467.1,7e-70
1602,NP_013822.1,NP_588010.1,1e-148
1603,NP_012345.1,NP_593234.1,5e-54
1604,NP_011623.3,NP_001342891.1,8e-58
1605,NP_015522.1,NP_595069.1,3e-07
1606,NP_013775.2,NP_001018260.1,0.017
1607,NP_012404.1,NP_592824.1,0.54
1608,NP_012469.3,NP_596817.1,0.63
1609,NP_010582.3,NP_595741.1,0.25
1610,NP_013663.1,NP_594414.1,8e-62
1611,NP_013305.1,NP_594711.1,0.0007
1612,NP_878059.1,NP_001342765.1,0.29
1613,NP_012726.2,NP_593316.1,2e-33
1614,NP_010539.1,NP_593073.1,1e-08
1615,NP_010242.1,NP_001018840.1,2e-73
1616,NP_010634.3,NP_595771.1,2e-07
1617,NP_012577.1,NP_001342901.1,0.43
1618,NP_013280.1,NP_001342831.1,0.002
1619,NP_011566.1,NP_595795.1,8e-21
1620,NP_015264.1,NP_594582.1,7e-138
1621,NP_010454.3,NP_594954.1,0
1622,NP_014594.2,NP_596185.1,0.78
1623,NP_012910.1,NP_593605.1,8e-24
1624,NP_116667.1,NP_588418.1,0.004
1625,NP_014165.1,NP_593896.1,0.25
1626,NP_010262.1,NP_594542.1,4e-94
1627,NP_010977.2,NP_588143.1,2e-35
1628,NP_013789.1,NP_587703.1,1e-12
1629,NP_012860.1,NP_596392.1,0.2
1630,NP_009407.1,NP_596090.2,0.74
1631,NP_011547.3,NP_594936.1,0.08
1632,NP_011828.1,NP_594558.1,0
1633,NP_013697.1,NP_593491.1,8e-15
1634,NP_013675.1,NP_588494.1,0.37
1635,NP_013051.1,NP_593434.1,0.88
1636,NP_878107.1,NP_594935.1,7e-05
1637,NP_013274.1,NP_001018191.1,0.72
1638,NP_012792.1,NP_593830.1,0.64
1639,NP_012493.1,NP_588188.1,0.61
1640,NP_014520.1,NP_595221.1,5e-49
1641,NP_011611.1,NP_594631.1,1e-15
1642,NP_012594.1,NP_593944.1,3e-16
1643,NP_010546.1,NP_588218.1,0.28
1644,NP_011635.2,NP_593206.1,0.15
1645,NP_076874.1,NP_001018291.2,0.001
1646,NP_009559.1,NP_587692.1,0.42
1647,NP_015257.1,NP_001342973.1,0.83
1648,NP_011925.1,NP_593503.1,5e-23
1649,NP_013321.1,NP_595066.1,0.0003
1650,NP_012250.3,NP_001343023.2,0.72
1651,NP_015046.1,NP_595627.1,0.51
1652,NP_013214.1,NP_592843.1,4e-176
1653,NP_011096.1,NP_593492.1,5e-26
1654,NP_013733.1,NP_595398.1,0.003
1655,NP_116644.1,NP_587739.1,5e-120
1656,NP_010732.1,NP_001342847.1,2e-50
1657,NP_015334.1,NP_001342909.1,0.47
1658,NP_011102.3,NP_594469.1,9e-08
1659,NP_013300.2,NP_594346.1,0.86
1660,NP_011674.3,NP_596618.1,0.005
1661,NP_010795.3,NP_593307.1,9e-78
1662,NP_012144.1,NP_593081.2,0.28
1663,NP_011089.4,NP_587828.1,9e-50
1664,NP_013948.1,NP_595525.1,0.18
1665,NP_013067.1,NP_595917.1,0.077
1666,NP_015060.1,NP_588351.1,9e-14
1667,NP_011024.1,NP_596207.1,3e-64
1668,NP_014204.2,NP_593241.1,0.44
1669,NP_012559.1,NP_595842.1,0.7
1670,NP_011881.1,NP_593966.1,0.57
1671,NP_015010.1,NP_594489.1,8e-69
1672,NP_012829.1,NP_587904.1,2e-32
1673,NP_013334.1,NP_595500.1,0.58
1674,NP_014009.1,NP_595953.1,0.0007
1675,NP_010945.1,NP_595717.1,1e-20
1676,NP_009964.2,NP_596385.1,1e-13
1677,NP_009709.1,NP_596180.1,0.71
1678,NP_015293.1,NP_588277.1,6e-12
1679,NP_013176.1,NP_595850.1,1e-94
1680,NP_001335736.1,NP_592862.1,0.7
1681,NP_013732.1,NP_001343041.1,3e-08
1682,NP_012521.3,NP_588043.2,8e-23
1683,NP_116603.1,NP_596765.1,1e-07
1684,NP_009835.3,NP_595205.1,7e-07
1685,NP_011019.1,NP_592819.2,0.84
1686,NP_009567.1,NP_587982.1,0.48
1687,NP_001335757.1,NP_593843.1,0.68
1688,NP_013418.2,NP_594754.1,1e-108
1689,NP_011254.1,NP_593904.1,0.053
1690,NP_013369.1,NP_587711.1,0.07
1691,NP_015194.1,NP_596399.1,1e-109
1692,NP_014412.1,NP_595439.1,6e-72
1693,NP_009944.2,NP_592936.1,0.006
1694,NP_009818.3,NP_595741.1,0.28
1695,NP_009937.2,NP_587932.3,2e-48
1696,NP_012006.1,NP_593271.2,0.09
1697,NP_010502.3,NP_593288.1,2e-20
1698,NP_011379.1,NP_596444.1,4e-33
1699,NP_009934.1,NP_594866.1,1e-128
1700,NP_014247.1,NP_595651.1,6e-11
1701,NP_015004.3,NP_596258.1,6e-14
1702,NP_010959.2,NP_596095.1,1e-06
1703,NP_012783.1,NP_594393.1,2e-89
1704,NP_058149.1,NP_596090.2,0.93
1705,NP_014245.1,NP_595380.1,1e-130
1706,NP_012425.1,NP_588278.2,9e-19
1707,NP_012844.1,NP_594686.1,3e-37
1708,NP_011027.1,NP_588330.1,3e-06
1709,NP_011051.3,NP_594396.1,0
1710,NP_012261.1,NP_592871.1,3e-11
1711,NP_013828.1,NP_588102.1,3e-35
1712,NP_011349.3,NP_592923.1,3e-11
1713,NP_011078.3,NP_596528.1,4e-54
1714,NP_009402.1,NP_595791.1,6e-33
1715,NP_009421.3,NP_595710.1,2e-124
1716,NP_012785.2,NP_596006.1,0.003
1717,NP_013786.1,NP_593553.1,6e-07
1718,NP_014492.1,NP_595622.1,0.34
1719,NP_878043.1,NP_594454.1,0.66
1720,NP_013585.1,NP_595414.1,3e-82
1721,NP_116703.5,NP_594420.1,7e-43
1722,NP_009332.1,NP_594283.1,0.94
1723,NP_013758.1,NP_595841.1,0.0002
1724,NP_015167.1,NP_595920.1,0.85
1725,NP_012282.3,NP_593377.1,0.001
1726,NP_014483.1,NP_588103.1,0.022
1727,NP_015390.1,NP_595875.1,1e-09
1728,NP_010825.3,NP_587740.1,1e-40
1729,NP_012629.1,NP_594420.1,4e-38
1730,NP_010459.1,NP_593314.1,2e-06
1731,NP_013882.1,NP_596117.1,0.14
1732,NP_014306.3,NP_001342856.1,3e-46
1733,NP_011336.3,NP_588360.1,4e-74
1734,NP_010731.3,NP_588370.1,0.47
1735,NP_013121.1,NP_587954.1,0.55
1736,NP_012413.1,NP_593074.2,0.09
1737,NP_013113.1,NP_588278.2,1e-05
1738,NP_013124.1,NP_596158.2,1e-35
1739,NP_013413.1,NP_596123.1,5e-45
1740,NP_014533.1,NP_596512.3,0.62
1741,NP_116624.1,NP_587921.1,5e-17
1742,NP_116589.1,NP_594854.1,5e-07
1743,NP_012488.3,NP_594259.1,8e-06
1744,NP_014685.1,NP_595784.1,4e-16
1745,NP_014815.3,NP_595318.2,1e-08
1746,NP_010580.1,NP_596790.1,0.36
1747,NP_116678.1,NP_593377.1,4e-42
1748,NP_013560.3,NP_595841.1,7e-09
1749,NP_001335740.1,NP_593038.2,0.15
1750,NP_009677.1,NP_596424.1,3e-08
1751,NP_011003.1,NP_595690.1,0.083
1752,NP_014334.3,NP_587748.2,2e-21
1753,NP_015210.1,NP_594152.2,3e-30
1754,NP_010515.3,NP_001342793.1,0.58
1755,NP_011529.1,NP_001342787.1,1e-13
1756,NP_009337.2,NP_588203.1,0.49
1757,NP_015292.1,NP_588241.1,0.059
1758,NP_010851.1,NP_588250.1,4e-93
1759,NP_001333725.1,NP_593816.1,0.3
1760,NP_011671.3,NP_593343.1,8e-44
1761,NP_010643.3,NP_001417951.1,0.11
1762,NP_013856.1,NP_587966.1,1e-06
1763,NP_010882.1,NP_587795.1,0
1764,NP_116691.3,NP_001342708.1,2e-07
1765,NP_009383.1,NP_587731.1,2e-176
1766,NP_011357.1,NP_588136.1,8e-84
1767,NP_010828.1,NP_595265.1,0.24
1768,NP_570898.1,NP_595085.1,0.009
1769,NP_010831.3,NP_594283.1,0.99
1770,NP_014838.3,NP_001342874.2,0.19
1771,NP_014574.1,NP_595694.1,0.012
1772,NP_014458.1,NP_595271.1,2e-15
1773,NP_010751.4,NP_001417955.1,0.012
1774,NP_010480.1,NP_594488.1,2e-61
1775,NP_014350.1,NP_587708.1,1e-86
1776,NP_012700.1,NP_595318.2,1e-06
1777,NP_011849.1,NP_001342852.1,1e-86
1778,NP_012233.1,NP_593475.2,5e-32
1779,NP_009447.1,NP_593944.1,1e-07
1780,NP_014425.3,NP_596532.1,3e-14
1781,NP_011786.1,NP_001342853.1,0
1782,NP_010496.3,NP_595223.1,0.0005
1783,NP_011859.1,NP_594035.1,3e-55
1784,NP_014675.1,NP_595694.1,3e-17
1785,NP_012987.3,NP_001342753.1,2e-85
1786,NP_010600.1,NP_594644.1,3e-15
1787,NP_009463.1,NP_595249.1,5e-10
1788,NP_011715.1,NP_594135.1,8e-172
1789,NP_011992.1,NP_595714.2,0.33
1790,NP_009431.1,NP_593560.1,0.72
1791,NP_014802.3,NP_595724.1,6e-24
1792,NP_011576.1,NP_588329.1,5e-06
1793,NP_012119.1,NP_594410.1,1e-21
1794,NP_015355.1,NP_595242.2,3e-05
1795,NP_013149.1,NP_596140.1,6e-84
1796,NP_013029.3,NP_593943.3,6e-102
1797,NP_013876.1,NP_588440.1,0.58
1798,NP_012499.1,NP_001417968.1,3e-42
1799,NP_010852.4,NP_593793.1,2e-28
1800,NP_013193.1,NP_595773.1,0
1801,NP_013900.1,NP_595441.1,0.51
1802,NP_013685.1,NP_001417931.1,2e-07
1803,NP_010593.3,NP_593237.1,5e-24
1804,NP_009837.1,NP_001343092.1,3e-06
1805,NP_015352.1,NP_593626.1,0.48
1806,NP_013593.1,NP_595582.1,0.068
1807,NP_011056.1,NP_593553.1,2e-17
1808,NP_014461.3,NP_593170.1,7e-07
1809,NP_013499.1,NP_001343003.1,0.65
1810,NP_013776.1,NP_001342904.1,0.0003
1811,NP_013790.1,NP_593181.1,1e-18
1812,NP_065436.1,NP_587766.1,0.18
1813,NP_010082.1,NP_587747.1,5e-15
1814,NP_878136.3,NP_594850.2,0.61
1815,NP_012612.3,NP_587924.1,0.96
1816,NP_014678.1,NP_587692.1,5e-07
1817,NP_011589.3,NP_595693.1,0.13
1818,NP_015064.1,NP_595781.1,1e-141
1819,NP_001335789.1,NP_001342779.1,0.82
1820,NP_010170.1,NP_596737.1,1e-21
1821,NP_012120.1,NP_588339.1,0.3
1822,NP_010394.3,NP_594930.1,0.32
1823,NP_878089.1,NP_594194.2,0.027
1824,NP_014386.2,NP_594024.1,5e-47
1825,NP_013635.1,NP_588520.1,0.011
1826,NP_012354.1,NP_587736.2,0.82
1827,NP_012452.1,NP_593127.1,2e-18
1828,NP_013209.1,NP_593775.1,0.07
1829,NP_012157.3,NP_594731.1,0
1830,NP_014470.1,NP_587739.1,1e-104
1831,NP_013168.1,NP_594649.2,0.002
1832,NP_013836.1,NP_587712.1,8e-25
1833,NP_015409.1,NP_587899.1,0.28
1834,NP_001335792.1,NP_595019.1,0.062
1835,NP_013479.3,NP_594109.1,6e-05
1836,NP_013194.2,NP_594120.1,3e-09
1837,NP_014188.1,NP_595960.1,0.45
1838,NP_014823.3,NP_596228.1,0.024
1839,NP_014774.1,NP_593248.2,0.013
1840,NP_013039.1,NP_594316.1,1e-107
1841,NP_010023.1,NP_596804.1,5e-08
1842,NP_013400.1,NP_595477.1,0.13
1843,NP_013088.1,NP_593141.2,8e-77
1844,NP_013380.1,NP_001342986.1,1e-05
1845,NP_014791.1,NP_596659.1,3e-08
1846,NP_015507.1,NP_587900.1,0
1847,NP_012323.1,NP_594987.1,0
1848,NP_011984.1,NP_596181.1,0.28
1849,NP_015319.1,NP_588235.1,0.028
1850,NP_014881.2,NP_593312.1,3e-32
1851,NP_014283.3,NP_593733.1,1e-50
1852,NP_001257680.1,NP_596353.1,0.98
1853,NP_014367.1,NP_596467.1,7e-70
1854,NP_012182.1,NP_594462.1,0.008
1855,NP_011487.3,NP_594455.1,4e-08
1856,NP_014661.1,NP_592924.1,4e-60
1857,NP_014534.1,NP_587734.1,0.016
1858,NP_001335795.1,NP_593441.1,0.071
1859,NP_015209.1,NP_595104.1,2e-11
1860,NP_012146.1,NP_587748.2,3e-13
1861,NP_015440.1,NP_594631.1,3e-14
1862,NP_014848.1,NP_596174.1,0.056
1863,NP_116700.1,NP_594400.1,0.05
1864,NP_015421.1,NP_592961.1,0.9
1865,NP_014722.1,NP_594068.1,0.38
1866,NP_013123.1,NP_593206.1,1e-36
1867,NP_015186.1,NP_592884.1,0.031
1868,NP_011738.3,NP_001342707.1,0.075
1869,NP_015159.1,NP_593551.1,0.25
1870,NP_012359.1,NP_593800.1,8e-62
1871,NP_014348.3,NP_592901.1,0.006
1872,NP_015429.1,NP_594272.1,8e-34
1873,NP_690847.1,NP_595608.1,0.85
1874,NP_014046.1,NP_001342893.1,3e-21
1875,NP_013471.1,NP_593234.1,8e-54
1876,NP_012736.1,NP_587966.1,0.003
1877,NP_010897.1,NP_588450.1,0.33
1878,NP_012396.1,NP_001342753.1,1e-86
1879,NP_012432.1,NP_594703.1,6e-06
1880,NP_009550.1,NP_001342866.1,0.98
1881,NP_011835.1,NP_595526.2,0.014
1882,NP_014401.1,NP_592948.1,0.74
1883,NP_013266.1,NP_592881.1,0.0003
1884,NP_010260.1,NP_001417933.1,6e-34
1885,NP_013595.1,NP_588082.1,0.027
1886,NP_009306.1,YP_011104928.1,1e-117
1887,NP_011886.1,NP_595200.1,0.74
1888,NP_013766.1,NP_596090.2,0.93
1889,NP_013877.1,NP_593635.2,1e-15
1890,NP_013614.1,NP_596115.1,7e-17
1891,NP_011610.3,NP_596636.2,3e-30
1892,NP_012617.1,NP_594792.1,2e-18
1893,NP_010114.1,NP_593574.2,4e-61
1894,NP_009368.2,NP_587806.1,5e-33
1895,NP_013632.1,NP_593298.1,0.39
1896,NP_001257671.1,NP_594106.1,0.99
1897,NP_116587.1,NP_592864.1,0.43
1898,NP_012750.1,NP_593464.1,6e-14
1899,NP_015338.1,NP_594479.2,2e-12
1900,NP_010699.1,NP_596037.1,5e-06
1901,NP_009723.3,NP_596118.1,3e-56
1902,NP_116673.1,NP_594864.1,0.69
1903,NP_014683.1,NP_593446.1,5e-55
1904,NP_014916.1,NP_596314.1,4e-71
1905,NP_011356.1,NP_593514.1,0.002
1906,NP_011253.1,NP_594283.1,0.94
1907,NP_010982.1,NP_593522.2,0.068
1908,NP_009449.1,NP_592924.1,3e-05
1909,NP_219498.1,NP_001343112.1,0.14
1910,NP_014027.1,NP_594550.1,0.42
1911,NP_015400.1,NP_594395.1,0.95
1912,NP_009844.4,NP_595908.1,0.3
1913,NP_010328.3,NP_595717.1,1e-11
1914,NP_010486.3,NP_595762.1,4e-15
1915,NP_014758.3,NP_592831.2,5e-17
1916,NP_015318.1,NP_595946.1,0.99
1917,NP_015058.1,NP_588250.1,3e-124
1918,NP_014602.1,NP_594357.1,6e-49
1919,NP_015272.1,NP_596168.1,1e-57
1920,NP_010297.1,NP_587845.1,0.46
1921,NP_013218.1,NP_596573.1,6e-142
1922,NP_011305.1,NP_001342809.1,8e-75
1923,NP_012483.3,NP_596154.1,3e-139
1924,NP_013716.1,NP_001342782.1,0.15
1925,NP_010671.4,NP_592928.1,0.26
1926,NP_878165.1,NP_596832.1,0.75
1927,NP_013494.3,NP_001342854.1,0.82
1928,NP_014795.1,NP_592974.1,0.12
1929,NP_010670.3,NP_595873.1,3e-17
1930,NP_010290.3,NP_596823.1,1e-32
1931,NP_009370.1,NP_588213.1,5e-20
1932,NP_015314.1,NP_593833.1,7e-08
1933,NP_013222.1,NP_588035.1,7e-16
1934,NP_009526.1,NP_587807.1,2e-52
1935,NP_011844.1,NP_595781.1,3e-30
1936,NP_014851.3,NP_594899.1,3e-19
1937,NP_001032576.1,NP_587919.1,0.12
1938,NP_013383.1,NP_596474.2,7e-12
1939,NP_015483.1,NP_596713.1,0.19
1940,NP_009429.1,NP_595486.1,0.11
1941,NP_012256.1,NP_594109.1,0.36
1942,NP_010319.3,NP_595223.1,0.83
1943,NP_014154.1,NP_595394.1,3e-13
1944,NP_116657.1,NP_588469.1,3e-98
1945,NP_013515.3,NP_587968.1,9e-16
1946,NP_010842.1,NP_593603.1,0.95
1947,NP_010213.1,NP_588301.2,1e-57
1948,NP_014332.1,NP_593698.1,9e-56
1949,NP_015368.1,NP_595634.1,4e-28
1950,NP_010078.1,NP_592847.1,2e-36
1951,NP_014530.1,NP_596231.1,0.13
1952,NP_010948.1,NP_001342809.1,4e-75
1953,NP_012518.2,NP_588066.1,0.039
1954,NP_013192.1,NP_596678.2,0.2
1955,NP_009894.1,NP_594511.1,6e-12
1956,NP_013357.1,NP_593664.2,8e-08
1957,NP_010081.2,NP_594858.1,2e-07
1958,NP_011677.3,NP_594527.1,0.64
1959,NP_010981.3,NP_588116.1,0.77
1960,NP_013818.1,NP_596572.1,6e-26
1961,NP_116693.3,NP_588010.1,0.74
1962,NP_010067.1,NP_587949.1,2e-80
1963,NP_001257672.1,NP_593069.1,0.51
1964,NP_013253.1,NP_593365.1,0.17
1965,NP_013235.1,NP_001342796.1,3e-157
1966,NP_010683.3,NP_588103.1,7e-81
1967,NP_015035.1,NP_592783.1,7e-30
1968,NP_015328.1,NP_587724.1,9e-75
1969,NP_014750.3,NP_588124.2,0.19